{"current":{"favicon":"","logo_img_nav":true,"logo_max_width_nav":"160","effect":"effect_10","gotop_enable":true,"gotopmobile_enable":false,"loading_enable":true,"img_loading":"","breadcrumb_bgcolor":"#ffffff","breadcrumb_textcolor":"#777777","breadcrumb_bgimage":false,"bg_breadcrumb":"shopify:\/\/shop_images\/bg-breadcrumbs.png","header_float_enable":false,"pay_page":"buy-theme","enable_rtl":false,"wrapper_page_type":"wrapper-full","bg_body_img":"none","bg_body_color":"#ffffff","bg_body_position_x":"center","bg_body_position_y":"top","bg_body_repeat":"repeat","bg_body_attachment":"scroll","font_body":"google_fonts","fonts_body":"Barlow","body_fontsize":14,"font_heading":"google_fonts","fonts_heading":"Barlow","heading_fontsize":35,"font_custom":"google_fonts","fonts_custom":"Barlow","custom_fontsize":14,"color_base":"#fe2424","color_body_text":"#444444","color_link":"#444444","body_text_hover":"#fe2424","color_border":"#ededed","color_prtitle":"#ffffff","color_prtitlehover":"#fe2424","color_sale_bg":"#3f3f3f","color_new_bg":"#56cfe1","color_hot_bg":"#e8641b","color_sold_out_bg":"#999","color_price":"#fe2424","color_oldprice":"#6d6e71","color_btntext":"#ffffff","color_btntext_hover":"#fff","color_btnbg":"#444444","color_btnbg_hover":"#ff3c20","color_btntext2":"#222222","color_btntext_hover2":"#ffffff","color_btnbg2":"#fff","color_btnbg_hover2":"#ff3c20","color_btnline":"#222222","color_btnline_hover":"#ff3c20","color_startbase":"#df9e32","display_language":true,"title_language":"Language:","default_language":"English","linklist_language":"langue","banner_top":"shopify:\/\/shop_images\/bg-top.jpg","display_header_top":true,"welcome-msg":"FREE Shipping Over $35*","phone":"(+9) 111 234-666","text1":"<a href=\"#\">FAQs<\/a>","text2":"<a href=\"#\">Tracking Orders<\/a>","display_currency":true,"display_header_center":true,"display_acc":true,"display_wishlist":true,"logo_text":"Logo","logo_img":true,"logo":"shopify:\/\/shop_images\/logo2.png","logo_max_width":"231x","logo_mobile":"shopify:\/\/shop_images\/logo-mobie.png","logo_max_width_mobile":"120x","enable_collection_sidebar":true,"enable_blogs_sidebar":true,"sidebar_position":"right","enable_category_sidebar":true,"enable_sidebar_categories_detail":true,"sidebar_categories_title":"Categories","categories_menu":"sub-collections","enable_featured_collection":true,"enable_featured_product_detail":true,"enable_featured_product_blogs":false,"featured_product_title":"Best sellers","featured_product_list_collection":"frontpage","featured_product_limit":"3","enable_sidebar_collection":false,"enable_sidebar_custom_detail":false,"enable_sidebar_custom_blog":false,"custom_html_title":"Custom Services","custom_html_text":"<div class=\"services-sidebar\">\n\t<ul>\n\t\t<li>\n\t\t\t<div class=\"service-content\">\n\t\t\t\t<div class=\"service-icon\" style=\"font-size: 30px;\">\n\t\t\t\t\t<em class=\"fa fa-truck\"><\/em>\n\t\t\t\t<\/div>\n\t\t\t\t\n\t\t\t\t<div class=\"service-info\">\n\t\t\t\t\t<h4><a href=\"#\" title=\"Free Delivery\">Free Delivery<\/a><\/h4>\n\t\t\t\t\t<p>From $59.89<\/p>\n\t\t\t\t<\/div>\n\t\t\t<\/div>\n\t\t<\/li>\n\t\t\n\t\t<li>\n\t\t\t<div class=\"service-content\">\n\t\t\t\t<div class=\"service-icon\" style=\"font-size: 30px;\">\n\t\t\t\t\t<em class=\"fa fa-support\"><\/em>\n\t\t\t\t<\/div>\n\t\t\t\t\n\t\t\t\t<div class=\"service-info\">\n\t\t\t\t\t<h4><a href=\"#\" title=\"Support 24\/7\">Support 24\/7<\/a><\/h4>\n\t\t\t\t\t<p>Online 24 hours<\/p>\n\t\t\t\t<\/div>\n\t\t\t<\/div>\n\t\t<\/li>\n\t\t\n\t\t<li>\n\t\t\t<div class=\"service-content\">\n\t\t\t\t<div class=\"service-icon\" style=\"font-size: 30px;\">\n\t\t\t\t\t<em class=\"fa fa-refresh\"><\/em>\n\t\t\t\t<\/div>\n\t\t\t\t\n\t\t\t\t<div class=\"service-info\">\n\t\t\t\t\t<h4><a href=\"#\" title=\"Free return\">Free return<\/a><\/h4>\n\t\t\t\t\t<p>365 a day<\/p>\n\t\t\t\t<\/div>\n\t\t\t<\/div>\n\t\t<\/li>\n\t\t\n\t\t<li>\n\t\t\t<div class=\"service-content\">\n\t\t\t\t<div class=\"service-icon\" style=\"font-size: 25px; position: relative; top: 4px;\">\n\t\t\t\t\t<em class=\"fa fa-cc-paypal\"><\/em>\n\t\t\t\t<\/div>\n\t\t\t\t\n\t\t\t\t<div class=\"service-info\">\n\t\t\t\t\t<h4><a href=\"#\" title=\"payment method\">payment method<\/a><\/h4>\n\t\t\t\t\t<p>Secure payment<\/p>\n\t\t\t\t<\/div>\n\t\t\t<\/div>\n\t\t<\/li>\n\t<\/ul>\n<\/div>","enable_banner_sidebar":false,"enable_banner_sidebar_detail":false,"enable_banner_sidebar_blog":false,"image_sidebar":"shopify:\/\/shop_images\/bn-sb1.png","image_sidebar_link":"\/","enable_categories_blog":true,"blog_menu":"blog-list","enable_recent_blog":true,"show-title":true,"limit_title":"40","show-vendor":false,"show-review":true,"show-price":true,"show-deals":true,"show-gallery":true,"gallery_tyle":"gallery-bottom","limit_gallery":"3","product_layout":"2col_right","pp_grid":"4","show_multiple_currencies":true,"currency_format":"money_format","supported_currencies":"USD EUR GBP","default_currency":"USD","fixed_social":true,"position":"left","position_top":"100","social_twitter_link":"https:\/\/twitter.com\/smartaddons","social_facebook_link":"https:\/\/www.facebook.com\/SmartAddons.page","social_instagram_link":"https:\/\/www.instagram.com\/smartaddons13","social_pinterest_link":"https:\/\/www.pinterest.com\/smartaddons\/","social_linkedin_link":"\/https:\/\/www.linkedin.com\/in\/smartaddons","social_google_link":"#","ssnp_width":770,"ssnp_status":true,"ssnp_expired":1,"ssnp_title":"Newsletter","ssnp_description":"Subscribe to the mailing list to receive updates on new arrivals, special offers and other.","ssnp_checkbox_title":"Don't show this popup again","ssnp_show_checkbox":true,"newsletter":"shopify:\/\/shop_images\/newletter.jpg","newslettermodal_mailchimp":true,"newslettermodal_cookie":"60","newsletter_formmodal_action":"\/\/magentech.us16.list-manage.com\/subscribe\/post?u=74b0f77582219cf039a743aa5&amp;id=e872bd5efa","ssnp_show_facebook":true,"ssnp_link_facebook":"https:\/\/www.facebook.com\/SmartAddons.page","ssnp_show_twitter":true,"ssnp_link_twitter":"https:\/\/twitter.com\/smartaddons","ssnp_show_instagram":true,"ssnp_link_instagram":"https:\/\/www.linkedin.com\/in\/smartaddons","ssnp_show_pinterest":true,"ssnp_link_pinterest":"https:\/\/www.pinterest.com\/smartaddons\/","checkout_header_image":"","checkout_logo_image":"","checkout_logo_position":"left","checkout_logo_size":"medium","checkout_body_background_image":"","checkout_body_background_color":"#fff","checkout_input_background_color_mode":"white","checkout_sidebar_background_image":"","checkout_sidebar_background_color":"#fafafa","checkout_heading_font":"Helvetica Neue","checkout_body_font":"Helvetica Neue","checkout_accent_color":"#1990c6","checkout_button_color":"#1990c6","checkout_error_color":"#ff6d6d","enable_instagram_blog":false,"instagram_title":"INSTAGRAM GALLERY","userid":"8695433064","accessToken":"8695433064.1677ed0.43c2f7e0a17d4cc0924c040278fe6b3f","tag":"shoesmax","limited":"9","resolution":"thumbnail","headertop_bgcolor":"#101823","text_headertop_color":"#ffffff","banner_deal":"shopify:\/\/shop_images\/deals.png","banner_deal_link":"#","nsub_title":"to brightten a loved one’s day.","border_headertop_color":"#222222","display_header_bt":"true","headerbt_bgcolor":"#ffffff","text_headerbt_color":"#222222","header_chat_text":"chat 24\/7","header_chat":"shopify:\/\/pages\/support-24-7-page","header_mail":"comfortic@demo.com","header_phone":"(084) 4344 6000","display_header_top_bar":true,"top_bar":"popular this marketing banner to advertise a special promotion such as : save 20% thic weekend!","custom_html":"Artemi’s Rewards","custom_html2":"FREE SHIPPING WITH ANY $50 PURCHASE!","store_about":"<div class=\"toplink-item\"><a href=\"pages\/contact-us\">Store Locator<\/a><\/div>\n<div class=\"toplink-item\"><a href=\"pages\/services\">Customer sevices<\/a><\/div>","display_check":true,"bottom-header":"<a href=\"pages\/top-deals\">Hot deals<\/a>","social_tumblr_link":"http:\/\/shopify.tumblr.com","social_snapchat_link":"https:\/\/www.snapchat.com\/add\/shopify","social_youtube_link":"https:\/\/www.youtube.com\/user\/smartaddons","social_vimeo_link":"https:\/\/vimeo.com\/shopify","ssnp_show_googleplus":true,"ssnp_link_googleplus":"https:\/\/plus.google.com\/+Smartaddons","ssnp_show_linkedin":true,"ssnp_link_linkedin":"#","ssnp_show_tumblr":true,"ssnp_link_tumblr":"#","display_oder":true,"text_oder":"track your order","link_order":"footer","headerct_bgcolor":"#ffffff","border_headerct_color":"#ffffff","text_headerct_color":"#6d6d6d","display_hotline":true,"text_hotline":"Hotline (+123)4 567 890","text_msg":"Welcome to our online store!","header_mobile_float":"true","display_laguage":true,"enable_product_sidebar":"false","on_rtl":"rtl","display_popup_newsletter":true,"popup_newsletter_title":"aaaaaaaaa","popup_newsletter_sub_title":"aaaaaaaaaaaaaa","popup_newsletter_message":"aaaaaaaaaa","mailing_list_form_action":"ádasdasd","display_popup_social":true,"ssnp_show_bgimage":true,"ssnp_bgimage":"","psp_width_zoom":"900x","product_zoom":false,"product_video":true,"product_video_icon":"","logo_text_nav":"Logo","logo_nav":"","second_image":false,"show-color-swatch":true,"menu":"sidebar-blogs","blog_category":"","pt_position":"bottom","pt_item":"5","psp_width":"95x","product_vendor":false,"product_available":false,"product_review":false,"product_shortdes":false,"swatch_color":false,"size_guide":true,"color_startactive":"#ffffff","pt_carousel":"false","banner-sidebar-1":"","banner_sidebar_link_1":"","display_sidebar_categories_detail":true,"show_featured_collection":true,"show_featured_product_detail":true,"show_featured_product_blogs":true,"display_banner_sidebar":true,"display_banner_sidebar_detail":true,"display_banner_sidebar_blog":true,"banner-sidebar":"","banner_sidebar_link":"#","display_sidebar_custom":true,"display_sidebar_custom_detail":true,"display_sidebar_custom_blog":true,"custom_cms_title":"Custom CMS Block","custom_cms_text":"<div class=\"services-sidebar\">\n\t<ul>\n\t\t<li>\n\t\t\t<div class=\"service-content\">\n\t\t\t\t<div class=\"service-icon\" style=\"font-size: 30px;\">\n\t\t\t\t\t<em class=\"fa fa-truck\"><span class=\"hidden\">Icon<\/span><\/em>\n\t\t\t\t<\/div>\n\t\t\t\t\n\t\t\t\t<div class=\"service-info\">\n\t\t\t\t\t<h4><a href=\"#\" title=\"Free Delivery\">Free Delivery<\/a><\/h4>\n\t\t\t\t\t<p>From $59.89<\/p>\n\t\t\t\t<\/div>\n\t\t\t<\/div>\n\t\t<\/li>\n\t\t\n\t\t<li>\n\t\t\t<div class=\"service-content\">\n\t\t\t\t<div class=\"service-icon\" style=\"font-size: 30px;\">\n\t\t\t\t\t<em class=\"fa fa-support\"><span class=\"hidden\">Icon<\/span><\/em>\n\t\t\t\t<\/div>\n\t\t\t\t\n\t\t\t\t<div class=\"service-info\">\n\t\t\t\t\t<h4><a href=\"#\" title=\"Support 24\/7\">Support 24\/7<\/a><\/h4>\n\t\t\t\t\t<p>Online 24 hours<\/p>\n\t\t\t\t<\/div>\n\t\t\t<\/div>\n\t\t<\/li>\n\t\t\n\t\t<li>\n\t\t\t<div class=\"service-content\">\n\t\t\t\t<div class=\"service-icon\" style=\"font-size: 30px;\">\n\t\t\t\t\t<em class=\"fa fa-refresh\"><span class=\"hidden\">Icon<\/span><\/em>\n\t\t\t\t<\/div>\n\t\t\t\t\n\t\t\t\t<div class=\"service-info\">\n\t\t\t\t\t<h4><a href=\"#\" title=\"Free return\">Free return<\/a><\/h4>\n\t\t\t\t\t<p>365 a day<\/p>\n\t\t\t\t<\/div>\n\t\t\t<\/div>\n\t\t<\/li>\n\t\t\n\t\t<li>\n\t\t\t<div class=\"service-content\">\n\t\t\t\t<div class=\"service-icon\" style=\"font-size: 25px; position: relative; top: 4px;\">\n\t\t\t\t\t<em class=\"fa fa-cc-paypal\"><span class=\"hidden\">Icon<\/span><\/em>\n\t\t\t\t<\/div>\n\t\t\t\t\n\t\t\t\t<div class=\"service-info\">\n\t\t\t\t\t<h4><a href=\"#\" title=\"payment method\">payment method<\/a><\/h4>\n\t\t\t\t\t<p>Secure payment<\/p>\n\t\t\t\t<\/div>\n\t\t\t<\/div>\n\t\t<\/li>\n\t<\/ul>\n<\/div>","home_page_layout":"home-page_layout-2","color_prlinks":"#333333","color_prlinkshover":"#1fc0a0","color_body_text_hover":"#ff3c20","share_facebook":true,"share_twitter":true,"share_pinterest":true,"image_ico":"","title":"100 S Manhattan St, Amarillo,","title2":"TX 79104, North America","image_ico2":"","title3":"Sales@MagenTech.Com","title4":"( +123 ) 456 7890","image_ico4":"","title5":"Free Delivery","title6":"On order over $89.00","show-deals ":"true","header_design":"header-style1","text_hot":"(801) 2345 - 6789","display_hot":"true","top":"Summer sale discount off 50%! <a href=\"#\">Shop Now<\/a>","display_call":true,"text_call":"Call us now","text_info_call":"Toll free: 123 456 7890","hover-image":"change","label_headertop_color":"#777777","display_label":"true","display_call_free":"true","text_call_free":"Call Us: (+800) 1234 5678","vermenu_bgcolor":"#ffffff","vermenu_titlecolor":"#ffffff","vermenu_linkcolor":"#444444","vermenu_linkcolor_hover":"#ffffff","vermenu_linkbgcolor_hover":"#f4a137","vermenu_dropdown_bgcolor":"#ffffff","vermenu_dropdown_linkcolor":"#333333","vermenu_dropdown_linkcolor_hover":"#f4a137","display_call_fee":true,"text_call_fee":"Call us toll free: (123) 456-7890","newsletterP_title":"Newsletter","newsletterP_subtitle":"Subscribe to the Simolux mailing list to receive updates on new<br>arrivals, special offers and other discount information.","newsletterP_delay":"5000","newsletterP_dontshow":"Don't show this popup again","color_image_overlay_text":"#fff","color_image_overlay":"#3d4246","image_overlay_opacity":"0.25","collection_results_per_row":"4","collection_results_per_page":"12","enable_image_category":"true","show_collection_description":"true","enable_scroll_sidebar":"true","listing_page_design":"left-sidebar","sidebar_opened_tabs":"","sidebar_shopby":"true","sidebar_shopby_title":"Shopby","sidebar_categories":"true","shop_by_tags_2":"true","shop_by_tags_2_title":"22","shop_by_tags_2_list_tags":"222","fit_color_label":"Black, Orange, Blue, Silver","fit_by_color":"true","fit_by_color_title":"Color","fit_color_1_label":"Black","fit_color_2_label":"Silver","fit_color_3_label":"","fit_color_4_label":"","fit_color_5_label":"","fit_color_6_label":"","fit_color_7_label":"","fit_color_8_label":"","fit_color_9_label":"","fit_color_10_label":"","fit_color_11_label":"","fit_color_12_label":"","enable_shop_by_tags_3":"true","shop_by_tags_3_title":"","shop_by_tags_3_list_tags":"","enable_shop_by_tags_4":"true","shop_by_tags_4_title":"aaa","shop_by_tags_4_list_tags":"Lime,Glass","link_msg":"shopify:\/\/pages\/page-get-fre","display_cate":"true","title_cate":"Categories","show_categories":"show_all","categories_items":"Electronics, Home page","sidebar_mini_listing":"true","sidebar_mini_listing_title":"Best Sellers","sidebar_mini_listing_collection":"electronics","sidebar_mini_listing_limit":"4","header_layout":"header_layout_2","bingo_newslettermodal_enable":true,"bingo_newslettermodal_type":"one","bingo_newslettermodal_cookie":"60","bingo_newslettermodal_titile":"NEWSLETTER","bingo_newslettermodal_description":"Subscribe to the Market mailing list to receive updates on new arrivals, special offers and other discount information.","bingo_newslettermodal_chk":"Don't show this popup again","bingo_newslettermodal_bgimage":false,"bingo_newslettermodal_mailchimp":true,"enable_sidebar":true,"image":"shopify:\/\/shop_images\/banner-sidebar.jpg","color_text":"#3d4246","color_borders":"#e8e9eb","color_button":"#7796a8","color_sale_text":"#7796a8","color_button_text":"#fff","color_small_button":"#fff","color_small_button_text":"#3d4246","color_text_field":"#fff","color_text_field_text":"#000","color_body_bg":"#fff","type_header_family":"Google_Work+Sans_600_sans","type_header_base_size":"26px","type_base_family":"Google_Work+Sans_400_sans","type_base_size":"16px","type_bold_product_titles":false,"use_color_swatch":true,"sections":{"header":{"type":"header","settings":{}},"footer":{"type":"footer","settings":{"bg_footer":"#ffffff","footer_center_enable":true,"footer_co1_enable":true,"footer_title_1":"Company","footer_linklist_1":"footer-link-6","footer_co2_enable":true,"footer_title_2":"Support","footer_linklist_2":"footer-link-8","footer_co3_enable":true,"footer_title_3":"Shop","footer_linklist_3":"footer-link-7","footer_co4_enable":true,"footer_title_4":"Quick Links","footer_linklist_4":"footer-link-9","footer_co5_enable":true,"footer_title_5":"FlashMart App","img_down":"shopify:\/\/shop_images\/paypal2.png","link_down":"\/","footer_title_6":"Our Mission","footer_linklist_6":"footer-link-10","footer_title_7":"Shopping Center","footer_contact_address":"San Luis Potosis Centro  Historico, 78000, New York, USA","footer_contact_email":"contact@flashmart.com","footer_contact_phone":"(+888) 1900 888 666 <br>(+888) 0943 446 000","footer_socials_enable":true,"footer_socials_title":"Connect","footer_newleter_enable":true,"new_title":"Subscribe","subtitle":"Subscribe to be the first to hear about exclusive deals and special offers.","show_bottom":true,"img_logo_ft":"shopify:\/\/shop_images\/logo2_6e559f56-f2c9-4de2-86bd-3f3161125229.png","footer_copyright":"©Copyright 2021. All Rights Reserved. Designed by  <a href=\"https:\/\/www.smartaddons.com\/shopify-themes\" target=\"_blank\">SmartAddons.com<\/a>","footer_show_pay":true,"img_payment_ft":"shopify:\/\/shop_images\/paypal.png","link_pay":"\/","bar_tab":true,"footer_linkmore":"tab-bar-on-mobile"}},"collection-template":{"type":"collection-template","settings":{"pagination_style":"EndlessClick","grid":"4","rows":"4","results_per_page":"16"}},"product-template":{"type":"product-template","settings":{"display_product_reviews":true,"show_vendor":true,"show_product_type":true,"show_desc":"short","show_product_countdown":true,"use_color_swatch":true,"show_price_subtotal":false,"show_quantity_selector":true,"show_share_buttons":true,"show_category":false,"show_tag":false,"show_brand":true,"product_brand":"shopify:\/\/shop_images\/payment.png","pt_position":"left","pt_item":"4","enable_sevicer":false,"sv_title":"90 days<br>money back","sv_icon":"usd","sv_title_2":"free shipping<br>on all orders","sv_icon_2":"truck","sv_title_3":"lowest price <br> guarantee","sv_icon_3":"calendar","sv_title_4":"safe shopping <br> guarantee","sv_icon_4":"umbrella","product_tab_type":"protab_hozizoltal","product_tab1_enable":true,"product_tab1_title":"Details","product_tab2_enable":true,"product_tab2_title":"Shipping &amp; Returns","product_tab2_content":"<div class=\"success rte\">\n<p>Your order of 100$ or more gets free standard delivery.<\/p>\n<ul class=\"ncss-list-ul mt4-sm mb4-sm\">\n<li class=\"ncss-li\">Standard delivered 4-5 Business Days<\/li>\n<li class=\"ncss-li\">Express delivered 2-4 Business Days<\/li>\n<\/ul>\n<br><p>Orders are processed and delivered Monday-Friday (excluding public holidays)<\/p>\n<br><p>eMarket members enjoy <a class=\"u-underline\" href=\"#\">free returns<\/a>.<\/p>\n<\/div>","product_tab3_enable":true,"product_tab3_title":"Size Chart","custom_size_chart":"shopify:\/\/shop_images\/sizing-mens-2017.png","product_tab4_enable":true,"product_tab4_title":"Reviews","product_related_enable":true,"product_related_title":"Related Products","related_products_type":"tags","product_related_limit":"6","navigation":true,"margin-rl":"20","column1":"4","column2":"3","column3":"3","column4":"2","column5":"2"}},"list-collections-template":{"type":"list-collections-template","blocks":{"1499738278102":{"type":"collection","settings":{"collection":"frontpage"}},"1499738114928":{"type":"collection","settings":{"collection":"cameras-photos"}},"1499738226235":{"type":"collection","settings":{"collection":"electric-kitchen"}},"1499738260929":{"type":"collection","settings":{"collection":"fashion-clothing"}},"1499738099326":{"type":"collection","settings":{"collection":"games-consoles"}},"1514823718413":{"type":"collection","settings":{"collection":"headphone"}},"1499738244928":{"type":"collection","settings":{"collection":"jewelrys"}},"1514823795425":{"type":"collection","settings":{"collection":"patio-garden"}}},"block_order":["1499738278102","1499738114928","1499738226235","1499738260929","1499738099326","1514823718413","1499738244928","1514823795425"],"settings":{"display_type":"selected","sort":"products_low","grid":"4"}},"blog-template":{"type":"blog-template","settings":{"layout":"grid","limit_blog":"9","grid_per":"3","blog_show_author":false,"blog_show_dec":false,"blog_show_date":true,"blog_show_readmore":false}},"article-template":{"type":"article-template","settings":{"blog_show_author":true,"blog_show_date":true,"show_share_buttons":true,"font_size_title":18,"text_blog":"#444444","text_des_blog":"#666666"}},"template-contact":{"type":"template-contact","settings":{"display_google_map":true,"google_map_code":"<iframe src=\"https:\/\/www.google.com\/maps\/embed?pb=!1m18!1m12!1m3!1d6787.11846816203!2d-74.00106388051138!3d40.73303806053912!2m3!1f0!2f0!3f0!3m2!1i1024!2i768!4f13.1!3m3!1m2!1s0x89c24fa5d33f083b%3A0xc80b8f06e177fe62!2zVGjDoG5oIHBo4buRIE5ldyBZb3JrLCBUaeG7g3UgYmFuZyBOZXcgWW9yaw!5e0!3m2!1svi!2s!4v1498454043100\"><\/iframe>","title_info":"CONTACT US","contact_text_desc":"Lorem ipsum dolor sit amet conse ctetur adipisicing elit, sed do eiusmod tempor incididunt ut labore et dolore magna aliqua. Ut enim ad minim veniam<br> Quis nostrud exercitation ullamco laboris nisi ut aliquip ex ea commodo consequat sed do eiusmod tempor","title_1":"","des_1":"123 Suspendis mattis, Sollicitudin District, Accums Fringilla","icon_1":"map-marker","title_2":"Email:","des_2":"support@demo.com","icon_2":"envelope","title_3":"Phone:","des_3":"0123456789","icon_3":"phone","title_form":"SEND YOUR COMMENTS"}},"template-about":{"type":"template-about","blocks":{"1512635249137":{"type":"faq","settings":{"our_image_1":"shopify:\/\/shop_images\/ourteam1.png","cl_name_1":"Jennifer lawrence","cl_job_1":"Tech Leader","cl_des_1":"Lorem Khaled Ipsum is a major key to success. Eliptical talk. The key to more success is to get a massage once a week, very important, major key, cloth talk.","social_facebook_link":"https:\/\/www.facebook.com\/SmartAddons.page","social_twitter_link":"https:\/\/twitter.com\/smartaddons","social_dribbble_link":"#","social_linkedin_link":"https:\/\/www.linkedin.com\/in\/smartaddons"}},"1512639232534":{"type":"faq","settings":{"our_image_1":"shopify:\/\/shop_images\/ourteam2.png","cl_name_1":"George Scoots","cl_job_1":"Ceo & Director","cl_des_1":"Lorem Khaled Ipsum is a major key to success. Eliptical talk. The key to more success is to get a massage once a week, very important, major key, cloth talk.","social_facebook_link":"https:\/\/www.facebook.com\/SmartAddons.page","social_twitter_link":"https:\/\/twitter.com\/smartaddons","social_dribbble_link":"#","social_linkedin_link":"https:\/\/www.linkedin.com\/in\/smartaddons"}},"1512639272630":{"type":"faq","settings":{"our_image_1":"shopify:\/\/shop_images\/ourteam3.png","cl_name_1":"George Scoots","cl_job_1":"Ceo & Director","cl_des_1":"Lorem Khaled Ipsum is a major key to success. Eliptical talk. The key to more success is to get a massage once a week, very important, major key, cloth talk.","social_facebook_link":"https:\/\/www.facebook.com\/SmartAddons.page","social_twitter_link":"https:\/\/twitter.com\/smartaddons","social_dribbble_link":"#","social_linkedin_link":"https:\/\/www.linkedin.com\/in\/smartaddons"}},"1512639296273":{"type":"faq","settings":{"our_image_1":"shopify:\/\/shop_images\/ourteam4.png","cl_name_1":"Jennifer lawrence","cl_job_1":"Tech Leader","cl_des_1":"Lorem Khaled Ipsum is a major key to success. Eliptical talk. The key to more success is to get a massage once a week, very important, major key, cloth talk.","social_facebook_link":"https:\/\/www.facebook.com\/SmartAddons.page","social_twitter_link":"https:\/\/twitter.com\/smartaddons","social_dribbble_link":"#","social_linkedin_link":"https:\/\/www.linkedin.com\/in\/smartaddons"}}},"block_order":["1512635249137","1512639232534","1512639272630","1512639296273"],"settings":{"about_title":"Hello, We are Established 2018 - Paris  Fashion Show","about_image":"shopify:\/\/shop_images\/img-about.png","about_text_desc":"<p>Lorem Khaled Ipsum is a major key to success. Eliptical talk. The key to more success is to get a massage once a week, very important, major key, cloth talk. Mogul talk. Cloth talk. I’m giving you cloth talk, cloth. Special cloth alert, cut from a special cloth. In life you have to take the trash out, if you have trash in your life, take it out, throw it away, get rid of it, major key. Surround yourself with angels.<\/p>\n<br>\n<p>\nThey key is to have every key, the key to open every door. We don’t see them, we will never see them. To be successful you’ve got to work hard, to make history, simple, you’ve got to make it. They never said winning was easy. Some people can’t handle success, I can. I’m giving you cloth talk, cloth. Special cloth alert, cut from a special cloth.\n<\/p>","about_link":"shopify:\/\/pages\/contact-us","show_service":true,"icon1":"Strategy & Marketing","des1":"Lorem Khaled Ipsum is a major key to success. Eliptical talk. The key to more success is to get a massage once a week, very important, major key, cloth talk.","icon2":"interaction design","des2":"Lorem Khaled Ipsum is a major key to success. Eliptical talk. The key to more success is to get a massage once a week, very important, major key, cloth talk.","icon3":"WEb Development","des3":"Lorem Khaled Ipsum is a major key to success. Eliptical talk. The key to more success is to get a massage once a week, very important, major key, cloth talk.","show_team":true,"member_title":"Our Member","our_text_desc":"Lorem Khaled Ipsum is a major key to success. Eliptical talk. The key to more success is to get a massage once a week"}},"ss-mainmenu":{"type":"ss-mainmenu","blocks":{"1528441729722":{"type":"text","settings":{"title":"Home","cal_width":"custom","customWidth":"650px","mega_class":"","cal_align":"left","cal_align_margin":"0px","navi_show":false,"item_linklist":"","menu_col_column":12,"menu_item_col":12,"product_show":false,"product_title":"","product_sellect":"","product_limit":"","product_col_column":12,"product_item_col":12,"banner_enable1":false,"banner_col_column":6,"banner_enable2":false,"banner_col_column2":6,"banner_enable3":false,"banner_col_column4":6,"mega_page_enable":true,"page_col_column":12,"mega_page":"dropdown-layout-home"}},"1528441946800":{"type":"text","settings":{"title":"Features","cal_width":"custom","customWidth":"700px","mega_class":"","cal_align":"left","cal_align_margin":"0px","navi_show":false,"item_linklist":"","menu_col_column":12,"menu_item_col":12,"product_show":false,"product_title":"","product_sellect":"","product_limit":"","product_col_column":12,"product_item_col":12,"banner_enable1":false,"banner_col_column":6,"banner_enable2":false,"banner_col_column2":6,"banner_enable3":false,"banner_col_column4":6,"mega_page_enable":true,"page_col_column":12,"mega_page":"collection"}},"1510549520114":{"type":"text","settings":{"title":"Collections","cal_width":"custom","customWidth":"860px","mega_class":"","cal_align":"left","cal_align_margin":"0px","navi_show":true,"item_linklist":"","menu_col_column":8,"menu_item_col":4,"product_show":true,"product_title":"Featured Product","product_sellect":"","product_limit":"3","product_col_column":4,"product_item_col":12,"banner_enable1":false,"banner_col_column":6,"banner_enable2":false,"banner_col_column2":6,"banner_enable3":false,"banner_col_column4":6,"mega_page_enable":false,"page_col_column":12,"mega_page":""}},"1538037584988":{"type":"text","settings":{"title":"Shop","cal_width":"custom","customWidth":"860px","mega_class":"","cal_align":"left","cal_align_margin":"0px","navi_show":false,"item_linklist":"","menu_col_column":12,"menu_item_col":3,"product_show":false,"product_title":"","product_sellect":"","product_limit":"","product_col_column":12,"product_item_col":12,"banner_enable1":false,"banner_link":"\/","banner_col_column":6,"banner_enable2":false,"banner_link2":"\/","banner_col_column2":6,"banner_enable3":false,"banner_link3":"\/","banner_col_column4":4,"mega_page_enable":true,"page_col_column":12,"mega_page":"collection"}},"1576829059422":{"type":"text","settings":{"title":"Blog","cal_width":"custom","customWidth":"400px","mega_class":"menu_custom_css","cal_align":"right","cal_align_margin":"0","navi_show":false,"item_linklist":"","menu_col_column":12,"menu_item_col":12,"product_show":false,"product_title":"","product_sellect":"","product_limit":"","product_col_column":12,"product_item_col":12,"banner_enable1":false,"banner_col_column":6,"banner_enable2":false,"banner_col_column2":6,"banner_enable3":false,"banner_col_column4":6,"mega_page_enable":true,"page_col_column":12,"mega_page":"blog-styles"}}},"block_order":["1528441729722","1528441946800","1510549520114","1538037584988","1576829059422"],"settings":{"main_linklist":"main-menu","nav_bg_color":"#ffffff","nav_menu_color":"#444444","show_dropdown_arrow":true,"enable_new":false,"megamenu_items_new":"Collections","enable_hot":false,"megamenu_items_hot":"Pages"}},"cart-template":{"type":"cart-template","settings":{"cart_notes_enable":true}},"ss-tools":{"type":"ss-tools","settings":{"status":true,"position":"right","position_top":"100","show_category":true,"show_cart":true,"show_account":true,"show_search":true,"show_recent_product":true,"limit_product":"6","show_backtop":false}},"ss-facebook-message":{"type":"ss-facebook-message","settings":{"status":true,"position":"right-bottom","width":320,"height":250,"button_style":"default","widget_text":"Chat with Us","page_url":"https:\/\/www.facebook.com\/SmartAddons.page\/","tabs":"messages","small_header":true,"hide_cover":false,"show_facepile":false}},"ss-vertical-menu":{"type":"ss-vertical-menu","blocks":{"1509959680604":{"type":"text","settings":{"title":"Smartphone","menu_url":"shopify:\/\/collections\/smartphone","enable_menu_icon":true,"font_icon":"camera-retro","menu_icon":"shopify:\/\/shop_images\/ic1.png","dropdown_type":"mega_drop","megamenu_width_col":"800px","megamenu_class":"","menu_show":true,"item_linklist":"vertical-menu-1","menu_col_column":12,"menu_item_col":4,"product_show":false,"product_title":"","product_sellect":"","product_limit":"1","product_col_column":5,"product_item_col":12,"html_enable":false,"html_col_column":12,"html_content":"","banner_enable1":false,"banner_col_column":12,"image_banner":"shopify:\/\/shop_images\/image1-menu.jpg","banner_link":"\/","banner_enable2":false,"banner_col_column2":6,"banner_link2":"","mega_page_enable":false,"page_col_column":12,"mega_page":""}},"1509959843931":{"type":"text","settings":{"title":"Headphone","menu_url":"shopify:\/\/collections\/headphone","enable_menu_icon":true,"font_icon":"camera-retro","menu_icon":"shopify:\/\/shop_images\/ic2.png","dropdown_type":"none","megamenu_width_col":"650px","megamenu_class":"","menu_show":false,"item_linklist":"","menu_col_column":12,"menu_item_col":4,"product_show":false,"product_title":"","product_sellect":"","product_limit":"","product_col_column":12,"product_item_col":12,"html_enable":false,"html_col_column":12,"html_content":"","banner_enable1":false,"banner_col_column":12,"banner_link":"","banner_enable2":false,"banner_col_column2":6,"banner_link2":"","mega_page_enable":false,"page_col_column":12,"mega_page":""}},"1509959804345":{"type":"text","settings":{"title":"Fashion Clothing","menu_url":"shopify:\/\/collections\/fashion-clothing","enable_menu_icon":true,"font_icon":"camera-retro","menu_icon":"shopify:\/\/shop_images\/ic8.png","dropdown_type":"mega_drop","megamenu_width_col":"800px","megamenu_class":"","menu_show":true,"item_linklist":"vertical-menu-1","menu_col_column":12,"menu_item_col":4,"product_show":false,"product_title":"","product_sellect":"","product_limit":"","product_col_column":12,"product_item_col":12,"html_enable":false,"html_col_column":12,"html_content":"","banner_enable1":false,"banner_col_column":4,"banner_link":"#","banner_enable2":false,"banner_col_column2":6,"banner_link2":"","mega_page_enable":false,"page_col_column":12,"mega_page":""}},"1509959767921":{"type":"text","settings":{"title":"Cameras & Photos","menu_url":"shopify:\/\/collections\/cameras-photos","enable_menu_icon":true,"font_icon":"camera-retro","menu_icon":"shopify:\/\/shop_images\/ic3.png","dropdown_type":"css_drop","megamenu_width_col":"200px","megamenu_class":"","menu_show":true,"item_linklist":"vertical-menu-2","menu_col_column":12,"menu_item_col":4,"product_show":false,"product_title":"","product_sellect":"","product_limit":"","product_col_column":12,"product_item_col":12,"html_enable":false,"html_col_column":12,"html_content":"","banner_enable1":false,"banner_col_column":6,"banner_link":"","banner_enable2":false,"banner_col_column2":6,"banner_link2":"","mega_page_enable":false,"page_col_column":12,"mega_page":""}},"1509959728138":{"type":"text","settings":{"title":"Electric Kitchen","menu_url":"\/","enable_menu_icon":true,"font_icon":"camera-retro","menu_icon":"shopify:\/\/shop_images\/ic4.png","dropdown_type":"none","megamenu_width_col":"200px","megamenu_class":"","menu_show":true,"item_linklist":"","menu_col_column":12,"menu_item_col":12,"product_show":false,"product_title":"","product_sellect":"","product_limit":"","product_col_column":12,"product_item_col":12,"html_enable":false,"html_col_column":12,"html_content":"","banner_enable1":false,"banner_col_column":6,"banner_link":"","banner_enable2":false,"banner_col_column2":6,"banner_link2":"","mega_page_enable":false,"page_col_column":12,"mega_page":""}},"1509959869218":{"type":"text","settings":{"title":"Tablets & Handheld","menu_url":"\/","enable_menu_icon":true,"font_icon":"camera-retro","menu_icon":"shopify:\/\/shop_images\/ic5.png","dropdown_type":"none","megamenu_width_col":"900px","megamenu_class":"","menu_show":false,"item_linklist":"","menu_col_column":12,"menu_item_col":12,"product_show":false,"product_title":"","product_sellect":"","product_limit":"","product_col_column":12,"product_item_col":12,"html_enable":false,"html_col_column":12,"html_content":"","banner_enable1":false,"banner_col_column":6,"banner_link":"","banner_enable2":false,"banner_col_column2":6,"banner_link2":"","mega_page_enable":false,"page_col_column":12,"mega_page":""}},"1510891816668":{"type":"text","settings":{"title":"Games & Consoles","menu_url":"\/","enable_menu_icon":true,"font_icon":"futbol-o","menu_icon":"shopify:\/\/shop_images\/ic6.png","dropdown_type":"none","megamenu_width_col":"700px","megamenu_class":"","menu_show":false,"item_linklist":"","menu_col_column":12,"menu_item_col":4,"product_show":false,"product_title":"","product_sellect":"","product_limit":"","product_col_column":12,"product_item_col":12,"html_enable":false,"html_col_column":12,"html_content":"","banner_enable1":false,"banner_col_column":12,"banner_link":"","banner_enable2":false,"banner_col_column2":6,"banner_link2":"","mega_page_enable":false,"page_col_column":12,"mega_page":""}},"1510891836292":{"type":"text","settings":{"title":"Jewelrys","menu_url":"\/","enable_menu_icon":true,"font_icon":"shopping-bag","menu_icon":"shopify:\/\/shop_images\/ic7.png","dropdown_type":"none","megamenu_width_col":"900px","megamenu_class":"","menu_show":false,"item_linklist":"","menu_col_column":12,"menu_item_col":12,"product_show":false,"product_title":"","product_sellect":"","product_limit":"","product_col_column":12,"product_item_col":12,"html_enable":false,"html_col_column":12,"html_content":"","banner_enable1":false,"banner_col_column":6,"banner_link":"","banner_enable2":false,"banner_col_column2":6,"banner_link2":"","mega_page_enable":false,"page_col_column":12,"mega_page":""}},"1534845645835":{"type":"text","settings":{"title":"Interior & Decoration","menu_url":"\/","enable_menu_icon":true,"font_icon":"desktop","menu_icon":"shopify:\/\/shop_images\/ic9.png","dropdown_type":"none","megamenu_width_col":"900px","megamenu_class":"","menu_show":false,"item_linklist":"","menu_col_column":12,"menu_item_col":12,"product_show":false,"product_title":"","product_sellect":"","product_limit":"","product_col_column":12,"product_item_col":12,"html_enable":false,"html_col_column":12,"html_content":"","banner_enable1":false,"banner_col_column":6,"banner_link":"","banner_enable2":false,"banner_col_column2":6,"banner_link2":"","mega_page_enable":false,"page_col_column":12,"mega_page":""}},"b4f8277a-84df-48d0-a80d-065f72a7f6d5":{"type":"text","settings":{"title":"Toys, Games & Kids","menu_url":"\/","enable_menu_icon":true,"font_icon":"camera-retro","menu_icon":"shopify:\/\/shop_images\/ic10.png","dropdown_type":"none","megamenu_width_col":"900px","megamenu_class":"","menu_show":false,"item_linklist":"","menu_col_column":12,"menu_item_col":12,"product_show":false,"product_title":"","product_sellect":"","product_limit":"","product_col_column":12,"product_item_col":12,"html_enable":false,"html_col_column":12,"html_content":"","banner_enable1":false,"banner_col_column":6,"banner_link":"","banner_enable2":false,"banner_col_column2":6,"banner_link2":"","mega_page_enable":false,"page_col_column":12,"mega_page":""}},"8806f638-da64-44c5-b564-0dfda5f76b84":{"type":"text","settings":{"title":"Movies, Music & Books","menu_url":"\/","enable_menu_icon":true,"font_icon":"desktop","menu_icon":"shopify:\/\/shop_images\/ic11.png","dropdown_type":"none","megamenu_width_col":"900px","megamenu_class":"","menu_show":false,"item_linklist":"","menu_col_column":12,"menu_item_col":12,"product_show":false,"product_title":"","product_sellect":"","product_limit":"","product_col_column":12,"product_item_col":12,"html_enable":false,"html_col_column":12,"html_content":"","banner_enable1":false,"banner_col_column":6,"banner_link":"","banner_enable2":false,"banner_col_column2":6,"banner_link2":"","mega_page_enable":false,"page_col_column":12,"mega_page":""}},"39848733-1e20-4596-a643-3a539ea92f0a":{"type":"text","settings":{"title":"Patio & Garden","menu_url":"\/","enable_menu_icon":true,"font_icon":"desktop","menu_icon":"shopify:\/\/shop_images\/ic12.png","dropdown_type":"none","megamenu_width_col":"900px","megamenu_class":"","menu_show":false,"item_linklist":"","menu_col_column":12,"menu_item_col":12,"product_show":false,"product_title":"","product_sellect":"","product_limit":"","product_col_column":12,"product_item_col":12,"html_enable":false,"html_col_column":12,"html_content":"","banner_enable1":false,"banner_col_column":6,"banner_link":"","banner_enable2":false,"banner_col_column2":6,"banner_link2":"","mega_page_enable":false,"page_col_column":12,"mega_page":""}}},"block_order":["1509959680604","1509959843931","1509959804345","1509959767921","1509959728138","1509959869218","1510891816668","1510891836292","1534845645835","b4f8277a-84df-48d0-a80d-065f72a7f6d5","8806f638-da64-44c5-b564-0dfda5f76b84","39848733-1e20-4596-a643-3a539ea92f0a"],"settings":{"ver_bg_color":"rgba(0,0,0,0)","ver_menu_color":"#ffffff","ver_title":"All Categories","ver_all":"","ver_url":"shopify:\/\/collections"}},"sidebar-filter-collection":{"type":"sidebar-filter-collection","blocks":{"1522833934637":{"type":"filter_tag","settings":{"enable":true,"title":"Price","list_tags":"0 - $99, $100 - $199, $200 - $299, $300 - $399, Above $400"}},"1522833926819":{"type":"filter_color","settings":{"enable":true,"title":"Color","color_text_1":"Red","color_text_2":"Blue","color_text_3":"Brown","color_text_4":"Orange","color_text_5":"Green","color_text_6":"Black","color_text_7":"Pink","color_text_8":"Sliver","color_text_9":"White","color_text_10":"Yellow","color_text_11":"Cyan","color_text_12":"Gold","color_text_13":"Grey","color_text_14":"","color_text_15":"","color_text_16":"","color_text_17":"","color_text_18":"","color_text_19":"","color_text_20":""}},"1522980753781":{"type":"filter_tag","settings":{"enable":true,"title":"Size","list_tags":"16, 18, 20, 22, 24, 26, ONE SIZE, S, M, L, XL"}},"1522834136250":{"type":"filter_tag","settings":{"enable":true,"title":"Brand","list_tags":"Chanel, Dior, Lion, Gap, Lucci, Louis, Hermes, Cherry, Glass, Lime, Nice, Hot, New, Accessories, Sale,"}}},"block_order":["1522833934637","1522833926819","1522980753781","1522834136250"],"settings":{"enable_filter":true,"enable_filter-fixed":true}},"collection-infos":{"type":"collection-infos","settings":{"show_collection_image":false,"show_collection_title":true,"show_collection_des":true,"show_collection":true,"linklist_collections_name":"sub-collections","column1":"6","column2":"5","column3":"3"}},"homepage-logolist":{"type":"homepage-logolist","blocks":{"1525851623622":{"type":"logo_image","settings":{"image":"","image_size":"140x73","link":"\/"}},"1525851657785":{"type":"logo_image","settings":{"image":"","image_size":"140x73","link":"\/"}},"1525851669031":{"type":"logo_image","settings":{"image":"","image_size":"140x73","link":"\/"}},"1525851777965":{"type":"logo_image","settings":{"image":"","image_size":"140x73","link":"\/"}},"1525852305813":{"type":"logo_image","settings":{"image":"","image_size":"140x73","link":"\/"}},"1525852316870":{"type":"logo_image","settings":{"image":"","image_size":"140x73","link":"\/"}},"1525852326589":{"type":"logo_image","settings":{"image":"","image_size":"170x100","link":"\/"}},"1525852567476":{"type":"logo_image","settings":{"image":"","image_size":"140x73","link":"\/"}},"1525852577385":{"type":"logo_image","settings":{"image":"","image_size":"140x73","link":"\/"}}},"block_order":["1525851623622","1525851657785","1525851669031","1525851777965","1525852305813","1525852316870","1525852326589","1525852567476","1525852577385"],"settings":{"show_container":true}},"homepage-product-carousel":{"type":"homepage-product-carousel","settings":{"sub_title":"","title1":"","use_image":true,"image":"shopify:\/\/shop_images\/ontrend.png","link":"\/","collection":"electric-kitchen","image_size":"270x270","product_carousel_style":"style_list","column1":"4","column2":"3","column3":"2","column4":"2","column5":"1","row":"1","limit":"8","owl_navigation":true,"show_dot":true,"owl_margin":"30","owl_autoplay":false,"owl_autoplay_speed":"10000","owl_speed":"300","custom_class":""}},"template-hotdeals":{"type":"template-hotdeals","blocks":{"1534584054374":{"type":"product","settings":{"title":"","prt_collection":"frontpage"}},"1534584058420":{"type":"product","settings":{"title":"","prt_collection":"cameras-photos"}},"1534584061272":{"type":"product","settings":{"title":"","prt_collection":"fashion-clothing"}}},"block_order":["1534584054374","1534584058420","1534584061272"],"settings":{"display_image_cat":false,"limit_product":"12"}},"home-slider":{"type":"home-slider","blocks":{"1560830096411":{"type":"slider_list","settings":{"show_status":"yes","image":"shopify:\/\/shop_images\/slider21.jpg","banner_link":"#","content_status":"no","sub_title":"Sub title","heading":"Best collection","text_content":"The Biggest Spring 2018 Fashion Trends","text_button":"Shop Now","cus_class":""}},"1560830101442":{"type":"slider_list","settings":{"show_status":"yes","image":"shopify:\/\/shop_images\/slider22.jpg","banner_link":"#","content_status":"no","sub_title":"Sub title","heading":"Best collection","text_content":"The Biggest Spring 2018 Fashion Trends","text_button":"Shop Now","cus_class":""}}},"block_order":["1560830096411","1560830101442"],"settings":{"title":"","sub_title":"Prefix","owl_navigation":true,"owl_dot":true,"owl_autoplay":true,"owl_margin":"0","owl_loop":true,"owl_autoplay_speed":"10000","owl_speed":"300","custom_class":""}},"siderbar-home":{"type":"siderbar-home","blocks":{"1533119144454":{"type":"banner","settings":{"enable_img":true,"image":"","link":""}},"1533119180723":{"type":"product","settings":{"bs_title":"SPECIALS","collection":"","bs_limit":"4"}},"1533119184816":{"type":"banner","settings":{"enable_img":true,"image":"","link":""}},"1533176830358":{"type":"product","settings":{"bs_title":"Best Sellers","collection":"","bs_limit":"4"}},"1533119206002":{"type":"Menu","settings":{"title_menu":"POPULAR TAGS","link":""}}},"block_order":["1533119144454","1533119180723","1533119184816","1533176830358","1533119206002"],"settings":{"enable_sidebar_detail":true,"show_sidebar":"left"}},"home-product-deals":{"type":"home-product-deals","settings":{"show_container":true,"title1":"DEALS OF THE WEEK","list_collection":"","image_size":"270x","column0":"2","column1":"3","column2":"3","column3":"2","column4":"2","column5":"1","row":"1","limit":"5","owl_navigation":false,"owl_dot":false,"owl_button_link":false,"owl_margin":"30","owl_loop":false,"owl_autoplay":false,"owl_autoplay_speed":"10000","owl_speed":"300"}},"home-services":{"type":"home-services","blocks":{"1533179654185":{"type":"box","settings":{"use_img":true,"img_icon":"shopify:\/\/shop_images\/icon1.png","sv_icon":"access_alarm","title":"free delivery","description":"On order over $49.86"}},"1533179659159":{"type":"box","settings":{"use_img":true,"img_icon":"shopify:\/\/shop_images\/icon2.png","sv_icon":"local_shipping","title":"money back","description":"return over 30 days"}},"1533179660435":{"type":"box","settings":{"use_img":true,"img_icon":"shopify:\/\/shop_images\/icon3.png","sv_icon":"loop","title":"Online Support","description":"24\/24 on day"}},"1560830273918":{"type":"box","settings":{"use_img":true,"img_icon":"shopify:\/\/shop_images\/icon4.png","sv_icon":"local_shipping","title":"promotion gift","description":"special offers!"}},"1560830298810":{"type":"box","settings":{"use_img":true,"img_icon":"shopify:\/\/shop_images\/icon5.png","sv_icon":"local_shipping","title":"Payment Method","description":"online 24\/24 on day"}}},"block_order":["1533179654185","1533179659159","1533179660435","1560830273918","1560830298810"],"settings":{"style":"style-df","title":"false"}},"home-fullbanner":{"type":"home-fullbanner","blocks":{"1533181462793":{"type":"image","settings":{"link":"shopify:\/\/collections\/apple-mobile","image":""}}},"block_order":["1533181462793"],"settings":{"show_section":true,"show_container":false,"title":"","item-img":"1","size_image":"870x90"}},"home-collection":{"type":"home-collection","blocks":{"1533182966174":{"type":"featured_collection","settings":{"collection":"","image":""}},"1533183018931":{"type":"featured_collection","settings":{"collection":"","image":""}},"1533183047189":{"type":"featured_collection","settings":{"collection":"","image":""}},"1533183065827":{"type":"featured_collection","settings":{"collection":"","image":""}},"1533183085748":{"type":"featured_collection","settings":{"collection":"","image":""}},"1533183103177":{"type":"featured_collection","settings":{"collection":"","image":""}}},"block_order":["1533182966174","1533183018931","1533183047189","1533183065827","1533183085748","1533183103177"],"settings":{"titles":"ELECTRONICS","sub_title":"Prefix","background_image":"","background_color":"#111111","column1":"5","column2":"4","column3":"3","column4":"2","column5":"2","row":"1","owl_margin":"0"}},"home-product-tabs":{"type":"home-product-tabs","blocks":{"1533183191806":{"type":"product","settings":{"title":"","sub_title":"","prt_collection":"games-consoles"}},"1533183227454":{"type":"product","settings":{"title":"","sub_title":"","prt_collection":"patio-garden"}},"1533183248526":{"type":"product","settings":{"title":"","sub_title":"","prt_collection":"toys-games-kids"}}},"block_order":["1533183191806","1533183227454","1533183248526"],"settings":{"background_color":"#ffffff","tab_title":"Top Seller Smartphone","list_collection":"headphone","use_image":true,"image":"shopify:\/\/shop_images\/brand-banner-5.png","link":"#","image_size":"270x","column1":"3","column2":"2","column3":"2","column4":"2","column5":"2","row":"1","limit":"8","owl_navigation":false,"owl_margin":"0","owl_loop":false,"owl_autoplay":false,"owl_autoplay_speed":"10000","owl_speed":"300"}},"1619079674e2cfac8d":{"type":"home-fullbanner","blocks":{"b16d124e-5af8-46c4-be2e-8e7842cdc702":{"type":"image","settings":{"link":"#","image":"shopify:\/\/shop_images\/banner22.jpg"}},"8ab511aa-507e-44c6-9667-7580efcb5183":{"type":"image","settings":{"link":"#","image":"shopify:\/\/shop_images\/banner23.jpg"}}},"block_order":["b16d124e-5af8-46c4-be2e-8e7842cdc702","8ab511aa-507e-44c6-9667-7580efcb5183"],"settings":{"show_section":true,"show_container":true,"title":"","item-img":"2","size_image":"680x120"}},"16190837137c4a8e8e":{"type":"homepage-logolist","blocks":{"16190837137c4a8e8e-0":{"type":"logo_image","settings":{"image":"shopify:\/\/shop_images\/br1.png","image_size":"155x50","link":"#"}},"16190837137c4a8e8e-1":{"type":"logo_image","settings":{"image":"shopify:\/\/shop_images\/br2.png","image_size":"155x50","link":"#"}},"16190837137c4a8e8e-2":{"type":"logo_image","settings":{"image":"shopify:\/\/shop_images\/br3.png","image_size":"155x50","link":"#"}},"16190837137c4a8e8e-3":{"type":"logo_image","settings":{"image":"shopify:\/\/shop_images\/br5.png","image_size":"155x50","link":"#"}},"e69fce57-da47-41da-989e-42bd7746141d":{"type":"logo_image","settings":{"image":"shopify:\/\/shop_images\/br6.png","image_size":"155x50","link":"#"}},"ee1befe5-2e7d-49ce-9c33-4d27ebce6043":{"type":"logo_image","settings":{"image":"shopify:\/\/shop_images\/br7.png","image_size":"155x50","link":"#"}},"bbb67bde-e309-49f0-a711-39ba76c850de":{"type":"logo_image","settings":{"image":"shopify:\/\/shop_images\/br8.png","image_size":"155x50","link":"#"}},"52d6348d-82bf-4cce-81b3-9c61561f1999":{"type":"logo_image","settings":{"image":"shopify:\/\/shop_images\/br9.png","image_size":"155x50","link":"#"}},"ecf54a60-074c-4bbd-8571-21018fedcc3c":{"type":"logo_image","settings":{"image":"shopify:\/\/shop_images\/br12.png","image_size":"155x50","link":"#"}},"d1f86aad-2d49-47c3-aa3b-3b0fe4dffcff":{"type":"logo_image","settings":{"image":"shopify:\/\/shop_images\/br13.png","image_size":"155x50","link":"#"}},"6a7924fa-2120-4335-a596-663da235a83e":{"type":"logo_image","settings":{"image":"shopify:\/\/shop_images\/br8.png","image_size":"155x50","link":"#"}},"cc311ca6-c725-4405-a513-9ec46fb88225":{"type":"logo_image","settings":{"image":"shopify:\/\/shop_images\/br6.png","image_size":"155x50","link":"#"}},"8cb16521-08e1-42a3-8783-9014060561f0":{"type":"logo_image","settings":{"image":"shopify:\/\/shop_images\/br5.png","image_size":"155x50","link":"#"}},"6869ef88-3e0f-4c00-833c-3c76ea0e1c1e":{"type":"logo_image","settings":{"image":"shopify:\/\/shop_images\/br13.png","image_size":"155x50","link":"#"}},"c464974d-17a8-4aed-afce-25fbd5baf5db":{"type":"logo_image","settings":{"image":"shopify:\/\/shop_images\/br2.png","image_size":"155x50","link":"#"}},"f071aef4-6ca3-44e5-8828-09bdd26637f7":{"type":"logo_image","settings":{"image":"shopify:\/\/shop_images\/br9.png","image_size":"155x50","link":"#"}}},"block_order":["16190837137c4a8e8e-0","16190837137c4a8e8e-1","16190837137c4a8e8e-2","16190837137c4a8e8e-3","e69fce57-da47-41da-989e-42bd7746141d","ee1befe5-2e7d-49ce-9c33-4d27ebce6043","bbb67bde-e309-49f0-a711-39ba76c850de","52d6348d-82bf-4cce-81b3-9c61561f1999","ecf54a60-074c-4bbd-8571-21018fedcc3c","d1f86aad-2d49-47c3-aa3b-3b0fe4dffcff","6a7924fa-2120-4335-a596-663da235a83e","cc311ca6-c725-4405-a513-9ec46fb88225","8cb16521-08e1-42a3-8783-9014060561f0","6869ef88-3e0f-4c00-833c-3c76ea0e1c1e","c464974d-17a8-4aed-afce-25fbd5baf5db","f071aef4-6ca3-44e5-8828-09bdd26637f7"],"settings":{"show_container":false,"title":"","row":"2","column1":"8","column2":"5","column3":"4","column4":"3","column5":"2","owl_navigation":true,"owl_margin":"30","owl_autoplay":false,"owl_autoplay_speed":"10000","owl_speed":"300"}},"home-bannerct":{"type":"home-bannerct","settings":{"image1":"shopify:\/\/shop_images\/lv1.jpg","link1":"#","image2":"shopify:\/\/shop_images\/lv2.jpg","link2":"#"}},"home-brand":{"type":"home-brand","blocks":{"1c7c801f-1b3b-485b-96b8-9511b58c70dd":{"type":"brand","settings":{"image":"shopify:\/\/shop_images\/brand-banner-1.png","link":"#","title":"Shop Cyclops's Sale","sub_title":"Explore Now"}},"33c364d1-4f07-45f1-b381-0c7d4859167f":{"type":"brand","settings":{"image":"shopify:\/\/shop_images\/brand-banner-2.png","link":"#","title":"Shop Cyclops's Sale","sub_title":"Explore Now"}},"16790fc1-ace6-4f9c-b1b9-3d6a7bc3e991":{"type":"brand","settings":{"image":"shopify:\/\/shop_images\/brand-banner-3.png","link":"#","title":"Shop Cyclops's Sale","sub_title":"Explore Now"}},"cde275e9-ed36-4ad4-96a6-81e066e7c4be":{"type":"brand","settings":{"image":"shopify:\/\/shop_images\/brand-banner-4.png","link":"#","title":"Shop Cyclops's Sale","sub_title":"Explore Now"}},"533c0e1a-9e24-4f91-a248-2ced26aa5777":{"type":"brand","settings":{"image":"shopify:\/\/shop_images\/brand-banner-3.png","link":"#","title":"Shop Cyclops's Sale","sub_title":"Explore Now"}}},"block_order":["1c7c801f-1b3b-485b-96b8-9511b58c70dd","33c364d1-4f07-45f1-b381-0c7d4859167f","16790fc1-ace6-4f9c-b1b9-3d6a7bc3e991","cde275e9-ed36-4ad4-96a6-81e066e7c4be","533c0e1a-9e24-4f91-a248-2ced26aa5777"],"settings":{"fw":false,"background_color":"#ffffff","brand_title":"Top Brand Promotions","column1":"4","column2":"3","column3":"2","column4":"2","column5":"1","row":"1","limit":"8","owl_navigation":true,"owl_margin":"15","owl_loop":false,"owl_autoplay":false,"owl_autoplay_speed":"10000","owl_speed":"300"}},"home-testimonial":{"type":"home-testimonial","blocks":{"abcfe2dc-6bb9-49d0-819d-ad2fc7b822ae":{"type":"testimonial","settings":{"user":true,"user_image":"shopify:\/\/shop_images\/testi2.png","client_name":"Aidan","client_position":"Designer","client_quote":"Lorem ipsum dolor sit amet, consectetur adipiscing elit, sed do eiusmod tempor incididunt ut labore et dolore magna…"}},"7ccd7b79-efb4-4b86-a291-58f7bd2a128a":{"type":"testimonial","settings":{"user":true,"user_image":"shopify:\/\/shop_images\/testi3.png","client_name":"Donald Berry","client_position":"Web Developer","client_quote":"Lorem ipsum dolor sit amet, consectetur adipiscing elit, sed do eiusmod tempor incididunt ut labore et dolore magna…"}}},"block_order":["abcfe2dc-6bb9-49d0-819d-ad2fc7b822ae","7ccd7b79-efb4-4b86-a291-58f7bd2a128a"],"settings":{"owl_navigation":false,"show_dot":false,"owl_margin":"30","owl_loop":true,"owl_autoplay":true,"owl_autoplay_speed":"10000","owl_speed":"300"}},"home-blog":{"type":"home-blog","settings":{"titles":"Latest blogs","show_container":true,"list_blog":"news","image_featured":true,"image_size":"480x","column1":"1","column2":"1","column3":"2","column4":"2","column5":"1","row":"1","limit":"4","show_decription":true,"bt_readmore":false,"owl_navigation":true,"show_dot":false,"owl_margin":"20","owl_loop":true,"owl_autoplay":true,"owl_autoplay_speed":"10000","owl_speed":"300"}},"home-product-tabs2":{"type":"home-product-tabs2","blocks":{"7d99f466-406a-4b1b-ac80-d2f0d1174714":{"type":"product","settings":{"title":"","sub_title":"","prt_collection":"cameras-photos"}},"603bc3eb-3b54-40f2-81d1-cc428223d847":{"type":"product","settings":{"title":"","sub_title":"","prt_collection":"headphone"}},"51cf5310-0165-4abf-ab31-1b335a719436":{"type":"product","settings":{"title":"","sub_title":"","prt_collection":"toys-games-kids"}}},"block_order":["7d99f466-406a-4b1b-ac80-d2f0d1174714","603bc3eb-3b54-40f2-81d1-cc428223d847","51cf5310-0165-4abf-ab31-1b335a719436"],"settings":{"background_color":"#ffffff","tab_title":"Cameras & Photos","list_collection":"cameras-photos","use_image":true,"image":"shopify:\/\/shop_images\/brand-banner-6.png","link":"\/","image_size":"270x","column1":"3","column2":"2","column3":"2","column4":"2","column5":"2","row":"1","limit":"5","owl_navigation":true,"owl_margin":"0","owl_loop":false,"owl_autoplay":false,"owl_autoplay_speed":"10000","owl_speed":"300"}},"home-product-tabs3":{"type":"home-product-tabs3","blocks":{"e794a458-72c5-4d70-a384-ae8ac254bf1f":{"type":"product","settings":{"title":"","sub_title":"","prt_collection":"fashion-clothing"}},"487c2eb1-50c8-4515-98ee-75fc0544e87f":{"type":"product","settings":{"title":"","sub_title":"","prt_collection":"frontpage"}},"001c85b8-14cc-479d-8866-dc71300f84bf":{"type":"product","settings":{"title":"","sub_title":"","prt_collection":"electric-kitchen"}}},"block_order":["e794a458-72c5-4d70-a384-ae8ac254bf1f","487c2eb1-50c8-4515-98ee-75fc0544e87f","001c85b8-14cc-479d-8866-dc71300f84bf"],"settings":{"background_color":"#ffffff","tab_title":"Fashions & accessories","list_collection":"fashion-clothing","use_image":true,"image":"shopify:\/\/shop_images\/brand-banner-7.png","link":"#","image_size":"270x","column1":"3","column2":"2","column3":"2","column4":"2","column5":"2","row":"1","limit":"5","owl_navigation":true,"owl_margin":"0","owl_loop":false,"owl_autoplay":false,"owl_autoplay_speed":"10000","owl_speed":"300"}},"homepage-product-carousel2":{"type":"homepage-product-carousel2","settings":{"sub_title":"","title1":"On Trending Items","image1":"shopify:\/\/shop_images\/bgv3.jpg","link1":"#","collection":"electric-kitchen","image_size":"270x","product_carousel_style":"style_grid","column1":"3","column2":"2","column3":"2","column4":"2","column5":"2","row":"2","limit":"8","owl_navigation":true,"show_dot":false,"owl_margin":"0","owl_autoplay":false,"owl_autoplay_speed":"4000","owl_speed":"300","custom_class":""}},"homepage-product-carousel3":{"type":"homepage-product-carousel3","settings":{"sub_title":"","title1":"Latest products","collection":"games-consoles","image_size":"270x","limit":"4"}},"home-bannerct2":{"type":"home-bannerct2","settings":{"image1":"shopify:\/\/shop_images\/lv3.jpg","link1":"#","image2":"shopify:\/\/shop_images\/lv4.jpg","link2":"#","image3":"shopify:\/\/shop_images\/lv5.jpg","link3":"#"}},"home-bannerct3":{"type":"home-bannerct3","blocks":{"9f55aad5-15cf-4d05-9fd1-faf347c55242":{"type":"image","settings":{"link":"#","image":"shopify:\/\/shop_images\/banner21_eb8de535-e45f-40e4-b79d-4b5e86cc3d13.jpg"}}},"block_order":["9f55aad5-15cf-4d05-9fd1-faf347c55242"],"settings":{"show_section":true,"show_container":false,"title":"","item-img":"1","size_image":"1380x140"}},"home-bannerct4":{"type":"home-bannerct4","blocks":{"7ac1a2da-2544-4aa2-b4f0-b38f79de0880":{"type":"image","settings":{"link":"#","image":"shopify:\/\/shop_images\/banner20.jpg"}},"c9670787-9a39-4c3c-bcad-743b29516d00":{"type":"image","settings":{"link":"#","image":"shopify:\/\/shop_images\/banner21.jpg"}}},"block_order":["7ac1a2da-2544-4aa2-b4f0-b38f79de0880","c9670787-9a39-4c3c-bcad-743b29516d00"],"settings":{"show_section":true,"show_container":false,"title":"","item-img":"2","size_image":"540x200"}},"home-bannerct5":{"type":"home-bannerct5","blocks":{"16635eb1-8eae-4f45-bf65-91fda6f944af":{"type":"image","settings":{"link":"#","image":"shopify:\/\/shop_images\/banner261.jpg"}}},"block_order":["16635eb1-8eae-4f45-bf65-91fda6f944af"],"settings":{"show_section":true,"show_container":false,"title":"","item-img":"1","size_image":"260x340"}},"home-bannerct6":{"type":"home-bannerct6","blocks":{"b1bc2008-78c7-4556-a864-b7c87e2bcf79":{"type":"image","settings":{"link":"#","image":"shopify:\/\/shop_images\/banner29_8d040301-5e17-4e47-9557-f8b4b406d9cc.png"}}},"block_order":["b1bc2008-78c7-4556-a864-b7c87e2bcf79"],"settings":{"show_section":true,"show_container":false,"title":"","item-img":"1","size_image":"260x358"}},"home-producttab-deal":{"type":"home-producttab-deal","blocks":{"19b909fc-f158-495e-9129-49cf137610a8":{"type":"product","settings":{"title":"","prt_collection":"electric-kitchen"}},"6f98d6cc-f253-4ecc-ad4e-2627ad350e72":{"type":"product","settings":{"title":"","prt_collection":"fashion-clothing"}},"92dc9262-1ec9-4623-8231-6589d2ada72d":{"type":"product","settings":{"title":"","prt_collection":"headphone"}}},"block_order":["19b909fc-f158-495e-9129-49cf137610a8","6f98d6cc-f253-4ecc-ad4e-2627ad350e72","92dc9262-1ec9-4623-8231-6589d2ada72d"],"settings":{"title":"Top 10 Weekly Best Selling Products","image_size":"270x","title_deal":"great deals to grab","subtitle_deal":"<strong>Extra 30% OFF<\/strong> all final sale items","list_collection_deal":"great-deals-to-grab","limit":"10"}}},"content_for_index":["1619079674e2cfac8d","16190837137c4a8e8e"]},"presets":{"Default":{"color_text":"#3d4246","color_body_text":"#788188","color_sale_text":"#7796A8","color_borders":"#e8e9eb","color_button":"#7796A8","color_button_text":"#fff","color_small_button":"#fff","color_small_button_text":"#3d4246","color_text_field":"#fff","color_text_field_text":"#000","color_image_overlay_text":"#fff","color_image_overlay":"#3d4246","image_overlay_opacity":"0.25","color_body_bg":"#fff","type_header_family":"Google_Work+Sans_600_sans","type_header_base_size":"26px","type_base_family":"Google_Work+Sans_400_sans","type_base_size":"16px","type_bold_product_titles":false,"share_facebook":true,"share_twitter":true,"share_pinterest":true,"sections":{"header":{"type":"header","settings":{}},"footer":{"type":"footer","settings":{}}},"content_for_index":[]},"Light":{"color_text":"#162950","color_body_text":"#757575","color_sale_text":"#ff574f","color_borders":"#e4e4e4","color_button":"#ff574f","color_button_text":"#ffffff","color_small_button":"#eaeaea","color_small_button_text":"#162950","color_text_field":"#ffffff","color_text_field_text":"#162950","color_image_overlay_text":"#ffffff","color_image_overlay":"#3d3d3d","image_overlay_opacity":"0.3","color_body_bg":"#f8f8f8","type_header_family":"Google_Muli_600_sans","type_header_base_size":"26px","type_base_family":"Google_Muli_600_sans","type_base_size":"18px","type_bold_product_titles":true,"share_facebook":true,"share_twitter":true,"share_pinterest":true,"social_twitter_link":"","social_facebook_link":"","social_pinterest_link":"","social_instagram_link":"","social_tumblr_link":"","social_snapchat_link":"","social_youtube_link":"","social_vimeo_link":"","favicon":"","checkout_header_image":"","checkout_logo_image":"","checkout_logo_position":"left","checkout_logo_size":"small","checkout_body_background_image":"","checkout_body_background_color":"#ffffff","checkout_input_background_color_mode":"white","checkout_sidebar_background_image":"","checkout_sidebar_background_color":"#e8f3f6","checkout_heading_font":"Roboto","checkout_body_font":"Source Sans Pro","checkout_accent_color":"#1990c6","checkout_button_color":"#23314e","checkout_error_color":"#ff6d6d","sections":{"header":{"type":"header","settings":{}},"footer":{"type":"footer","settings":{}},"product-template":{"type":"product-template","settings":{"show_vendor":false,"show_quantity_selector":false,"show_share_buttons":true}},"collection-template":{"type":"collection-template","settings":{"grid":"2","rows":"2"}},"blog-template":{"type":"blog-template","settings":{"layout":"grid","blog_show_author":true,"blog_show_date":false}},"article-template":{"type":"article-template","settings":{"blog_show_author":true,"blog_show_date":true,"show_share_buttons":true}},"cart-template":{"type":"cart-template","settings":{"cart_notes_enable":false}}},"content_for_index":[]}}}