Handle,Title,Body (HTML),Vendor,Type,Tags,Published,Option1 Name,Option1 Value,Option2 Name,Option2 Value,Option3 Name,Option3 Value,Variant SKU,Variant Grams,Variant Inventory Tracker,Variant Inventory Qty,Variant Inventory Policy,Variant Fulfillment Service,Variant Price,Variant Compare At Price,Variant Requires Shipping,Variant Taxable,Variant Barcode,Image Src,Image Position,Image Alt Text,Gift Card,SEO Title,SEO Description,Google Shopping / Google Product Category,Google Shopping / Gender,Google Shopping / Age Group,Google Shopping / MPN,Google Shopping / AdWords Grouping,Google Shopping / AdWords Labels,Google Shopping / Condition,Google Shopping / Custom Product,Google Shopping / Custom Label 0,Google Shopping / Custom Label 1,Google Shopping / Custom Label 2,Google Shopping / Custom Label 3,Google Shopping / Custom Label 4,Variant Image,Variant Weight Unit,Variant Tax Code,Cost per item,Status
quindim-retro-ceramic-pendant-lamp,Quindim Retro Ceramic Pendant Lamp,"<p data-mce-fragment=""1"">Curabitur egestas malesuada volutpat. Nunc vel vestibulum odio, ac pellentesque lacus. Pellentesque dapibus nunc nec est imperdiet, a malesuada sem rutrum. Sed quam odio, porta a finibus quis, sagittis aliquet leo. Nunc ornare metus urna, eu luctus velit placerat ut. Cras at porttitor lectus. Ut dapibus aliquam nibh, in imperdiet libero tincidunt sit amet. Morbi sodales fermentum nibh nec facilisis. Morbi pharetra varius velit, eget varius libero finibus quis. Quisque auctor varius lectus, lacinia rhoncus velit posuere vel. Cras condimentum tincidunt urna, sed vehicula ipsum dapibus et. Pellentesque pharetra ultrices varius. Sed viverra nec purus ut ornare.</p>
<h3 data-mce-fragment=""1"">Phasellus elementum:</h3>
<ul data-mce-fragment=""1"">
<li data-mce-fragment=""1"">Aenean auctor sem ac ex efficitur</li>
<li data-mce-fragment=""1"">Non mattis odio bibendum</li>
<li data-mce-fragment=""1"">Sed vitae enim at tortor finibus</li>
<li data-mce-fragment=""1"">Integer facilisis eleifend vehicula</li>
<li data-mce-fragment=""1"">In hac habitasse platea dictumst</li>
</ul>
<p data-mce-fragment=""1"">Sed molestie orci sem, at semper est molestie ac. Suspendisse cursus feugiat erat, eu posuere massa. Nullam posuere nibh non eros lobortis tempus. Maecenas dignissim elementum massa, vel accumsan urna elementum in. Suspendisse at dui euismod, rhoncus eros non, imperdiet ipsum. Vestibulum vehicula vel turpis et vestibulum. Ut porta et ex maximus malesuada.</p>",Rt FlashMart,"","",true,Title,Default Title,,,,,"",0.0,shopify,50,deny,manual,0.00,,true,true,"",https://cdn.shopify.com/s/files/1/0553/3240/5446/products/quindim-retro-ceramic-pendant-lamp.png?v=1621313560,1,,false,,,,,,,,,,,,,,,,,kg,,,active
womens-summer-sportswear-set,Women's Summer Sportswear Set,"<p data-mce-fragment=""1"">Curabitur egestas malesuada volutpat. Nunc vel vestibulum odio, ac pellentesque lacus. Pellentesque dapibus nunc nec est imperdiet, a malesuada sem rutrum. Sed quam odio, porta a finibus quis, sagittis aliquet leo. Nunc ornare metus urna, eu luctus velit placerat ut. Cras at porttitor lectus. Ut dapibus aliquam nibh, in imperdiet libero tincidunt sit amet. Morbi sodales fermentum nibh nec facilisis. Morbi pharetra varius velit, eget varius libero finibus quis. Quisque auctor varius lectus, lacinia rhoncus velit posuere vel. Cras condimentum tincidunt urna, sed vehicula ipsum dapibus et. Pellentesque pharetra ultrices varius. Sed viverra nec purus ut ornare.</p>
<h3 data-mce-fragment=""1"">Phasellus elementum:</h3>
<ul data-mce-fragment=""1"">
<li data-mce-fragment=""1"">Aenean auctor sem ac ex efficitur</li>
<li data-mce-fragment=""1"">Non mattis odio bibendum</li>
<li data-mce-fragment=""1"">Sed vitae enim at tortor finibus</li>
<li data-mce-fragment=""1"">Integer facilisis eleifend vehicula</li>
<li data-mce-fragment=""1"">In hac habitasse platea dictumst</li>
</ul>
<p data-mce-fragment=""1"">Sed molestie orci sem, at semper est molestie ac. Suspendisse cursus feugiat erat, eu posuere massa. Nullam posuere nibh non eros lobortis tempus. Maecenas dignissim elementum massa, vel accumsan urna elementum in. Suspendisse at dui euismod, rhoncus eros non, imperdiet ipsum. Vestibulum vehicula vel turpis et vestibulum. Ut porta et ex maximus malesuada.</p>",Rt FlashMart,"","deal 2024/12/12, M, Upto$200.00",true,Title,Default Title,,,,,"",0.0,shopify,7,deny,manual,56.00,53.00,true,true,"",https://cdn.shopify.com/s/files/1/0553/3240/5446/products/Women_s-Summer-Sportswear-Set.png?v=1616838577,1,,false,,,,,,,,,,,,,,,,,kg,,,active
womens-summer-sportswear-set,,,,,,,,,,,,,,,,,,,,,,,,https://cdn.shopify.com/s/files/1/0553/3240/5446/products/Mixed-Wool-Scarf_a213ff7a-9b6d-462a-b65d-433a8fa2ef4f.png?v=1616838577,2,,,,,,,,,,,,,,,,,,,,,,
womens-summer-sportswear-set,,,,,,,,,,,,,,,,,,,,,,,,https://cdn.shopify.com/s/files/1/0553/3240/5446/products/NIKE-FLIGHT-LEGACY---MENS_d67e56a8-8fe2-4356-a660-7c9ab3645ffe.png?v=1616838577,3,,,,,,,,,,,,,,,,,,,,,,
womens-summer-sportswear-set,,,,,,,,,,,,,,,,,,,,,,,,https://cdn.shopify.com/s/files/1/0553/3240/5446/products/Puma-RS-0-PLAY_ae854e03-eabc-42ae-8f32-ba50f42a2dd7.png?v=1616838577,4,,,,,,,,,,,,,,,,,,,,,,
samsung-galaxy-s21-2021-bundle,SAMSUNG Galaxy S21 2021 Bundle,"<p data-mce-fragment=""1"">Curabitur egestas malesuada volutpat. Nunc vel vestibulum odio, ac pellentesque lacus. Pellentesque dapibus nunc nec est imperdiet, a malesuada sem rutrum. Sed quam odio, porta a finibus quis, sagittis aliquet leo. Nunc ornare metus urna, eu luctus velit placerat ut. Cras at porttitor lectus. Ut dapibus aliquam nibh, in imperdiet libero tincidunt sit amet. Morbi sodales fermentum nibh nec facilisis. Morbi pharetra varius velit, eget varius libero finibus quis. Quisque auctor varius lectus, lacinia rhoncus velit posuere vel. Cras condimentum tincidunt urna, sed vehicula ipsum dapibus et. Pellentesque pharetra ultrices varius. Sed viverra nec purus ut ornare.</p>
<h3 data-mce-fragment=""1"">Phasellus elementum:</h3>
<ul data-mce-fragment=""1"">
<li data-mce-fragment=""1"">Aenean auctor sem ac ex efficitur</li>
<li data-mce-fragment=""1"">Non mattis odio bibendum</li>
<li data-mce-fragment=""1"">Sed vitae enim at tortor finibus</li>
<li data-mce-fragment=""1"">Integer facilisis eleifend vehicula</li>
<li data-mce-fragment=""1"">In hac habitasse platea dictumst</li>
</ul>
<p data-mce-fragment=""1"">Sed molestie orci sem, at semper est molestie ac. Suspendisse cursus feugiat erat, eu posuere massa. Nullam posuere nibh non eros lobortis tempus. Maecenas dignissim elementum massa, vel accumsan urna elementum in. Suspendisse at dui euismod, rhoncus eros non, imperdiet ipsum. Vestibulum vehicula vel turpis et vestibulum. Ut porta et ex maximus malesuada.</p>",Rt FlashMart,"","deal 2024/12/5, From $199.99",true,Title,Default Title,,,,,"",0.0,shopify,0,deny,manual,220.00,200.00,true,true,"",https://cdn.shopify.com/s/files/1/0553/3240/5446/products/SAMSUNG-Galaxy-S21-2021-Bundle_c5edf722-879e-423c-b551-380702006ba6.png?v=1616838527,1,,false,,,,,,,,,,,,,,,,,kg,,,active
samsung-galaxy-s21-2021-bundle,,,,,,,,,,,,,,,,,,,,,,,,https://cdn.shopify.com/s/files/1/0553/3240/5446/products/SAMSUNG-Galaxy-S21-Ultra-5G_84f6ba75-3262-44f5-8aef-6057f4809a97.png?v=1616838527,2,,,,,,,,,,,,,,,,,,,,,,
samsung-galaxy-s21-2021-bundle,,,,,,,,,,,,,,,,,,,,,,,,https://cdn.shopify.com/s/files/1/0553/3240/5446/products/Men_s-Clothing-Office-Set_a74371cd-c258-4a74-a747-3494f2b2f759.png?v=1616838527,3,,,,,,,,,,,,,,,,,,,,,,
samsung-galaxy-s21-2021-bundle,,,,,,,,,,,,,,,,,,,,,,,,https://cdn.shopify.com/s/files/1/0553/3240/5446/products/Polaroid-Snap-Touch-Instant-Digital-Camera_3a6452e1-aa66-4517-bb23-adf26a4b384e.png?v=1616838527,4,,,,,,,,,,,,,,,,,,,,,,
mens-clothing-office-set,Men's Clothing Office Set,"<p data-mce-fragment=""1"">Curabitur egestas malesuada volutpat. Nunc vel vestibulum odio, ac pellentesque lacus. Pellentesque dapibus nunc nec est imperdiet, a malesuada sem rutrum. Sed quam odio, porta a finibus quis, sagittis aliquet leo. Nunc ornare metus urna, eu luctus velit placerat ut. Cras at porttitor lectus. Ut dapibus aliquam nibh, in imperdiet libero tincidunt sit amet. Morbi sodales fermentum nibh nec facilisis. Morbi pharetra varius velit, eget varius libero finibus quis. Quisque auctor varius lectus, lacinia rhoncus velit posuere vel. Cras condimentum tincidunt urna, sed vehicula ipsum dapibus et. Pellentesque pharetra ultrices varius. Sed viverra nec purus ut ornare.</p>
<h3 data-mce-fragment=""1"">Phasellus elementum:</h3>
<ul data-mce-fragment=""1"">
<li data-mce-fragment=""1"">Aenean auctor sem ac ex efficitur</li>
<li data-mce-fragment=""1"">Non mattis odio bibendum</li>
<li data-mce-fragment=""1"">Sed vitae enim at tortor finibus</li>
<li data-mce-fragment=""1"">Integer facilisis eleifend vehicula</li>
<li data-mce-fragment=""1"">In hac habitasse platea dictumst</li>
</ul>
<p data-mce-fragment=""1"">Sed molestie orci sem, at semper est molestie ac. Suspendisse cursus feugiat erat, eu posuere massa. Nullam posuere nibh non eros lobortis tempus. Maecenas dignissim elementum massa, vel accumsan urna elementum in. Suspendisse at dui euismod, rhoncus eros non, imperdiet ipsum. Vestibulum vehicula vel turpis et vestibulum. Ut porta et ex maximus malesuada.</p>",Rt FlashMart,"","",true,Title,Default Title,,,,,"",0.0,shopify,20,deny,manual,34.00,,true,true,"",https://cdn.shopify.com/s/files/1/0553/3240/5446/products/Men_s-Clothing-Office-Set.png?v=1616838492,1,,false,,,,,,,,,,,,,,,,,kg,,,active
mens-clothing-office-set,,,,,,,,,,,,,,,,,,,,,,,,https://cdn.shopify.com/s/files/1/0553/3240/5446/products/Polaroid-Now-Instant-Camera-with-film_08de6342-e13b-41f8-b83a-8fdf0e0646ce.png?v=1616838492,2,,,,,,,,,,,,,,,,,,,,,,
mens-clothing-office-set,,,,,,,,,,,,,,,,,,,,,,,,https://cdn.shopify.com/s/files/1/0553/3240/5446/products/Polaroid-Snap-Touch-Instant-Digital-Camera_6f9b54b9-233f-44c1-aaf6-0895484a5d46.png?v=1616838492,3,,,,,,,,,,,,,,,,,,,,,,
mens-clothing-office-set,,,,,,,,,,,,,,,,,,,,,,,,https://cdn.shopify.com/s/files/1/0553/3240/5446/products/SAMSUNG-Galaxy-S21-2021-Bundle_608d2a57-02c4-4246-b3ce-36516dd31b0f.png?v=1616838492,4,,,,,,,,,,,,,,,,,,,,,,
true-wireless-samsung-galaxy-buds-live,True Wireless Samsung Galaxy Buds Live,"<p data-mce-fragment=""1"">Curabitur egestas malesuada volutpat. Nunc vel vestibulum odio, ac pellentesque lacus. Pellentesque dapibus nunc nec est imperdiet, a malesuada sem rutrum. Sed quam odio, porta a finibus quis, sagittis aliquet leo. Nunc ornare metus urna, eu luctus velit placerat ut. Cras at porttitor lectus. Ut dapibus aliquam nibh, in imperdiet libero tincidunt sit amet. Morbi sodales fermentum nibh nec facilisis. Morbi pharetra varius velit, eget varius libero finibus quis. Quisque auctor varius lectus, lacinia rhoncus velit posuere vel. Cras condimentum tincidunt urna, sed vehicula ipsum dapibus et. Pellentesque pharetra ultrices varius. Sed viverra nec purus ut ornare.</p>
<h3 data-mce-fragment=""1"">Phasellus elementum:</h3>
<ul data-mce-fragment=""1"">
<li data-mce-fragment=""1"">Aenean auctor sem ac ex efficitur</li>
<li data-mce-fragment=""1"">Non mattis odio bibendum</li>
<li data-mce-fragment=""1"">Sed vitae enim at tortor finibus</li>
<li data-mce-fragment=""1"">Integer facilisis eleifend vehicula</li>
<li data-mce-fragment=""1"">In hac habitasse platea dictumst</li>
</ul>
<p data-mce-fragment=""1"">Sed molestie orci sem, at semper est molestie ac. Suspendisse cursus feugiat erat, eu posuere massa. Nullam posuere nibh non eros lobortis tempus. Maecenas dignissim elementum massa, vel accumsan urna elementum in. Suspendisse at dui euismod, rhoncus eros non, imperdiet ipsum. Vestibulum vehicula vel turpis et vestibulum. Ut porta et ex maximus malesuada.</p>",Rt FlashMart,"","",false,Title,Default Title,,,,,"",0.0,shopify,0,deny,manual,0.00,,true,true,"",https://cdn.shopify.com/s/files/1/0553/3240/5446/products/True-Wireless-Samsung-Galaxy-Buds-Live_e7838f31-f1dc-444b-ae95-83afa1d6068b.png?v=1616838450,1,,false,,,,,,,,,,,,,,,,,kg,,,draft
true-wireless-samsung-galaxy-buds-live,,,,,,,,,,,,,,,,,,,,,,,,https://cdn.shopify.com/s/files/1/0553/3240/5446/products/Polaroid-Snap-Touch-Instant-Digital-Camera_0cf4c11c-3d07-405b-b6c7-fb8a885f6756.png?v=1616838450,2,,,,,,,,,,,,,,,,,,,,,,
true-wireless-samsung-galaxy-buds-live,,,,,,,,,,,,,,,,,,,,,,,,https://cdn.shopify.com/s/files/1/0553/3240/5446/products/SAMSUNG-Galaxy-S21-2021-Bundle_aec69452-7266-43fb-a625-311a94424e02.png?v=1616838450,3,,,,,,,,,,,,,,,,,,,,,,
true-wireless-samsung-galaxy-buds-live,,,,,,,,,,,,,,,,,,,,,,,,https://cdn.shopify.com/s/files/1/0553/3240/5446/products/SAMSUNG-Galaxy-S21-Ultra-5G_b970542c-b7fa-4180-9755-d923073d9668.png?v=1616838450,4,,,,,,,,,,,,,,,,,,,,,,
true-wireless-samsung-galaxy-buds-live,,,,,,,,,,,,,,,,,,,,,,,,https://cdn.shopify.com/s/files/1/0553/3240/5446/products/Sony---Alpha-a6000-Mirrorless-Camera-with-16-50mm-Lens---White_56f53007-2018-4953-bfe0-b8c7e2900f2d.png?v=1616838450,5,,,,,,,,,,,,,,,,,,,,,,
sony-alpha-a6000-mirrorless-camera-with-16-50mm-lens-white,Sony - Alpha a6000 Mirrorless Camera with 16 50mm-Lens - White,"<p data-mce-fragment=""1"">Curabitur egestas malesuada volutpat. Nunc vel vestibulum odio, ac pellentesque lacus. Pellentesque dapibus nunc nec est imperdiet, a malesuada sem rutrum. Sed quam odio, porta a finibus quis, sagittis aliquet leo. Nunc ornare metus urna, eu luctus velit placerat ut. Cras at porttitor lectus. Ut dapibus aliquam nibh, in imperdiet libero tincidunt sit amet. Morbi sodales fermentum nibh nec facilisis. Morbi pharetra varius velit, eget varius libero finibus quis. Quisque auctor varius lectus, lacinia rhoncus velit posuere vel. Cras condimentum tincidunt urna, sed vehicula ipsum dapibus et. Pellentesque pharetra ultrices varius. Sed viverra nec purus ut ornare.</p>
<h3 data-mce-fragment=""1"">Phasellus elementum:</h3>
<ul data-mce-fragment=""1"">
<li data-mce-fragment=""1"">Aenean auctor sem ac ex efficitur</li>
<li data-mce-fragment=""1"">Non mattis odio bibendum</li>
<li data-mce-fragment=""1"">Sed vitae enim at tortor finibus</li>
<li data-mce-fragment=""1"">Integer facilisis eleifend vehicula</li>
<li data-mce-fragment=""1"">In hac habitasse platea dictumst</li>
</ul>
<p data-mce-fragment=""1"">Sed molestie orci sem, at semper est molestie ac. Suspendisse cursus feugiat erat, eu posuere massa. Nullam posuere nibh non eros lobortis tempus. Maecenas dignissim elementum massa, vel accumsan urna elementum in. Suspendisse at dui euismod, rhoncus eros non, imperdiet ipsum. Vestibulum vehicula vel turpis et vestibulum. Ut porta et ex maximus malesuada.</p>",Rt FlashMart,"",deal 2024/12/12,true,Title,Default Title,,,,,"",0.0,shopify,40,deny,manual,200.00,99.00,true,true,"",https://cdn.shopify.com/s/files/1/0553/3240/5446/products/Sony---Alpha-a6000-Mirrorless-Camera-with-16-50mm-Lens---White_f37ffa19-b197-40c6-b20c-28cce8401471.png?v=1616838417,1,,false,,,,,,,,,,,,,,,,,kg,,,active
sony-alpha-a6000-mirrorless-camera-with-16-50mm-lens-white,,,,,,,,,,,,,,,,,,,,,,,,https://cdn.shopify.com/s/files/1/0553/3240/5446/products/True-Wireless-Samsung-Galaxy-Buds-Live.png?v=1616838417,2,,,,,,,,,,,,,,,,,,,,,,
sony-alpha-a6000-mirrorless-camera-with-16-50mm-lens-white,,,,,,,,,,,,,,,,,,,,,,,,https://cdn.shopify.com/s/files/1/0553/3240/5446/products/Samsung-American-Fridge-Freezer---Stainless-Steel_6b1273fc-a234-4e09-b40d-550e39c8b3ce.png?v=1616838417,3,,,,,,,,,,,,,,,,,,,,,,
soborg-chair-wood-frame,Soborg Chair - Wood Frame,"<p data-mce-fragment=""1"">Curabitur egestas malesuada volutpat. Nunc vel vestibulum odio, ac pellentesque lacus. Pellentesque dapibus nunc nec est imperdiet, a malesuada sem rutrum. Sed quam odio, porta a finibus quis, sagittis aliquet leo. Nunc ornare metus urna, eu luctus velit placerat ut. Cras at porttitor lectus. Ut dapibus aliquam nibh, in imperdiet libero tincidunt sit amet. Morbi sodales fermentum nibh nec facilisis. Morbi pharetra varius velit, eget varius libero finibus quis. Quisque auctor varius lectus, lacinia rhoncus velit posuere vel. Cras condimentum tincidunt urna, sed vehicula ipsum dapibus et. Pellentesque pharetra ultrices varius. Sed viverra nec purus ut ornare.</p>
<h3 data-mce-fragment=""1"">Phasellus elementum:</h3>
<ul data-mce-fragment=""1"">
<li data-mce-fragment=""1"">Aenean auctor sem ac ex efficitur</li>
<li data-mce-fragment=""1"">Non mattis odio bibendum</li>
<li data-mce-fragment=""1"">Sed vitae enim at tortor finibus</li>
<li data-mce-fragment=""1"">Integer facilisis eleifend vehicula</li>
<li data-mce-fragment=""1"">In hac habitasse platea dictumst</li>
</ul>
<p data-mce-fragment=""1"">Sed molestie orci sem, at semper est molestie ac. Suspendisse cursus feugiat erat, eu posuere massa. Nullam posuere nibh non eros lobortis tempus. Maecenas dignissim elementum massa, vel accumsan urna elementum in. Suspendisse at dui euismod, rhoncus eros non, imperdiet ipsum. Vestibulum vehicula vel turpis et vestibulum. Ut porta et ex maximus malesuada.</p>",Rt FlashMart,"","",true,Title,Default Title,,,,,"",0.0,shopify,40,deny,manual,0.00,,true,true,"",https://cdn.shopify.com/s/files/1/0553/3240/5446/products/Soborg-Chair---Wood-Frame_9af9f975-14da-4ce2-a913-32208fb775fd.png?v=1616838312,1,,false,,,,,,,,,,,,,,,,,kg,,,active
soborg-chair-wood-frame,,,,,,,,,,,,,,,,,,,,,,,,https://cdn.shopify.com/s/files/1/0553/3240/5446/products/Mixed-Wool-Scarf_454ba4fb-d496-4a76-8679-f1e7227e69b1.png?v=1616838312,2,,,,,,,,,,,,,,,,,,,,,,
soborg-chair-wood-frame,,,,,,,,,,,,,,,,,,,,,,,,https://cdn.shopify.com/s/files/1/0553/3240/5446/products/REGAL-2-Seater-Fabric-Sofa_e0adfe5d-90f2-4283-90c6-6db28169c569.png?v=1616838312,3,,,,,,,,,,,,,,,,,,,,,,
copy-of-qastrami-beef-pork,Mixed Wool Scarf,"<p>Curabitur egestas malesuada volutpat. Nunc vel vestibulum odio, ac pellentesque lacus. Pellentesque dapibus nunc nec est imperdiet, a malesuada sem rutrum. Sed quam odio, porta a finibus quis, sagittis aliquet leo. Nunc ornare metus urna, eu luctus velit placerat ut. Cras at porttitor lectus. Ut dapibus aliquam nibh, in imperdiet libero tincidunt sit amet. Morbi sodales fermentum nibh nec facilisis. Morbi pharetra varius velit, eget varius libero finibus quis. Quisque auctor varius lectus, lacinia rhoncus velit posuere vel. Cras condimentum tincidunt urna, sed vehicula ipsum dapibus et. Pellentesque pharetra ultrices varius. Sed viverra nec purus ut ornare.</p>
<h3>Phasellus elementum:</h3>
<ul>
<li>Aenean auctor sem ac ex efficitur</li>
<li>Non mattis odio bibendum</li>
<li>Sed vitae enim at tortor finibus</li>
<li>Integer facilisis eleifend vehicula</li>
<li>In hac habitasse platea dictumst</li>
</ul>
<p>Sed molestie orci sem, at semper est molestie ac. Suspendisse cursus feugiat erat, eu posuere massa. Nullam posuere nibh non eros lobortis tempus. Maecenas dignissim elementum massa, vel accumsan urna elementum in. Suspendisse at dui euismod, rhoncus eros non, imperdiet ipsum. Vestibulum vehicula vel turpis et vestibulum. Ut porta et ex maximus malesuada.</p>",New,Nikes,"0 - $99, deal 2024/12/12, Health & Beauty, Under$69, Upto$200.00, White, Woment",true,Size,S,,,,,"",0.0,,1,deny,manual,45.00,56.00,true,true,"",https://cdn.shopify.com/s/files/1/0553/3240/5446/products/Mixed-Wool-Scarf_8a7f156f-1ee9-428e-949b-0c867b361e4d.png?v=1616836114,1,,false,,,,,,,,,,,,,,,,https://cdn.shopify.com/s/files/1/0553/3240/5446/products/Multicolor-Shoulder-Bag_8882f16b-79db-4ef8-be21-f1d09fb00a0e.png?v=1616836115,kg,,,active
copy-of-qastrami-beef-pork,,,,,,,,M,,,,,"",0.0,,0,deny,manual,45.00,56.00,true,true,"",https://cdn.shopify.com/s/files/1/0553/3240/5446/products/Multicolor-Shoulder-Bag_8882f16b-79db-4ef8-be21-f1d09fb00a0e.png?v=1616836115,2,,,,,,,,,,,,,,,,,,https://cdn.shopify.com/s/files/1/0553/3240/5446/products/NIKE-FLIGHT-LEGACY---MENS.png?v=1616836115,kg,,,
copy-of-qastrami-beef-pork,,,,,,,,L,,,,,"",0.0,,0,deny,manual,45.00,56.00,true,true,"",https://cdn.shopify.com/s/files/1/0553/3240/5446/products/NIKE-FLIGHT-LEGACY---MENS.png?v=1616836115,3,,,,,,,,,,,,,,,,,,https://cdn.shopify.com/s/files/1/0553/3240/5446/products/Oxford-Shirt-Blue_beccbc33-190a-4ef4-9205-a1e69a9a2247.png?v=1616836115,kg,,,
copy-of-qastrami-beef-pork,,,,,,,,,,,,,,,,,,,,,,,,https://cdn.shopify.com/s/files/1/0553/3240/5446/products/Oxford-Shirt-Blue_beccbc33-190a-4ef4-9205-a1e69a9a2247.png?v=1616836115,4,,,,,,,,,,,,,,,,,,,,,,
copy-of-cow-brisket-prosciu,Black Rouge Lipstick Rose Velvet 245g - Burgundy Rose,"<p>Curabitur egestas malesuada volutpat. Nunc vel vestibulum odio, ac pellentesque lacus. Pellentesque dapibus nunc nec est imperdiet, a malesuada sem rutrum. Sed quam odio, porta a finibus quis, sagittis aliquet leo. Nunc ornare metus urna, eu luctus velit placerat ut. Cras at porttitor lectus. Ut dapibus aliquam nibh, in imperdiet libero tincidunt sit amet. Morbi sodales fermentum nibh nec facilisis. Morbi pharetra varius velit, eget varius libero finibus quis. Quisque auctor varius lectus, lacinia rhoncus velit posuere vel. Cras condimentum tincidunt urna, sed vehicula ipsum dapibus et. Pellentesque pharetra ultrices varius. Sed viverra nec purus ut ornare.</p>
<h3>Phasellus elementum:</h3>
<ul>
<li>Aenean auctor sem ac ex efficitur</li>
<li>Non mattis odio bibendum</li>
<li>Sed vitae enim at tortor finibus</li>
<li>Integer facilisis eleifend vehicula</li>
<li>In hac habitasse platea dictumst</li>
</ul>
<p>Sed molestie orci sem, at semper est molestie ac. Suspendisse cursus feugiat erat, eu posuere massa. Nullam posuere nibh non eros lobortis tempus. Maecenas dignissim elementum massa, vel accumsan urna elementum in. Suspendisse at dui euismod, rhoncus eros non, imperdiet ipsum. Vestibulum vehicula vel turpis et vestibulum. Ut porta et ex maximus malesuada.</p>",New,Nikes,"0 - $99, Black, Book, deal 2025/12/12, White",true,Title,Default Title,,,,,"",0.0,,1,deny,manual,80.00,91.00,true,true,"",https://cdn.shopify.com/s/files/1/0553/3240/5446/products/Black-Rouge-Lipstick-Rose-Velvet-245g---Burgundy-Rose.png?v=1616835377,1,,false,,,,,,,,,,,,,,,,,kg,,,active
copy-of-cow-brisket-prosciu,,,,,,,,,,,,,,,,,,,,,,,,https://cdn.shopify.com/s/files/1/0553/3240/5446/products/La-Vie-Est-Belle-Intensement-100Ml-Edp.png?v=1616835377,2,,,,,,,,,,,,,,,,,,,,,,
copy-of-cow-brisket-prosciu,,,,,,,,,,,,,,,,,,,,,,,,https://cdn.shopify.com/s/files/1/0553/3240/5446/products/Mixed-Wool-Scarf.png?v=1616835377,3,,,,,,,,,,,,,,,,,,,,,,
copy-of-cow-brisket-prosciu,,,,,,,,,,,,,,,,,,,,,,,,https://cdn.shopify.com/s/files/1/0553/3240/5446/products/Organic-Rose-Water-Facial-Mist.png?v=1616835377,4,,,,,,,,,,,,,,,,,,,,,,
copy-of-mollit-ham-hock,Romand Zero Gram Matte Lipstick,"<p>Curabitur egestas malesuada volutpat. Nunc vel vestibulum odio, ac pellentesque lacus. Pellentesque dapibus nunc nec est imperdiet, a malesuada sem rutrum. Sed quam odio, porta a finibus quis, sagittis aliquet leo. Nunc ornare metus urna, eu luctus velit placerat ut. Cras at porttitor lectus. Ut dapibus aliquam nibh, in imperdiet libero tincidunt sit amet. Morbi sodales fermentum nibh nec facilisis. Morbi pharetra varius velit, eget varius libero finibus quis. Quisque auctor varius lectus, lacinia rhoncus velit posuere vel. Cras condimentum tincidunt urna, sed vehicula ipsum dapibus et. Pellentesque pharetra ultrices varius. Sed viverra nec purus ut ornare.</p>
<h3>Phasellus elementum:</h3>
<ul>
<li>Aenean auctor sem ac ex efficitur</li>
<li>Non mattis odio bibendum</li>
<li>Sed vitae enim at tortor finibus</li>
<li>Integer facilisis eleifend vehicula</li>
<li>In hac habitasse platea dictumst</li>
</ul>
<p>Sed molestie orci sem, at semper est molestie ac. Suspendisse cursus feugiat erat, eu posuere massa. Nullam posuere nibh non eros lobortis tempus. Maecenas dignissim elementum massa, vel accumsan urna elementum in. Suspendisse at dui euismod, rhoncus eros non, imperdiet ipsum. Vestibulum vehicula vel turpis et vestibulum. Ut porta et ex maximus malesuada.</p>",Home2,Nikes,"0 - $99, Apple, Black, deal 2018/11/10, Health $ Beauty, Recommended, Sliver, White",true,Title,Default Title,,,,,"",0.0,,1,deny,manual,60.00,71.00,true,true,"",https://cdn.shopify.com/s/files/1/0553/3240/5446/products/Romand-Zero-Gram-Matte-Lipstick_9a2b3f8b-c408-4b9d-bb70-6cb59a49aae1.png?v=1616838218,1,,false,,,,,,,,,,,,,,,,,kg,,,active
copy-of-mollit-ham-hock,,,,,,,,,,,,,,,,,,,,,,,,https://cdn.shopify.com/s/files/1/0553/3240/5446/products/Samsung-American-Fridge-Freezer---Stainless-Steel_4675ff3c-81b9-4120-ad34-1542bc594d47.png?v=1616838218,2,,,,,,,,,,,,,,,,,,,,,,
copy-of-mollit-ham-hock,,,,,,,,,,,,,,,,,,,,,,,,https://cdn.shopify.com/s/files/1/0553/3240/5446/products/Organic-Rose-Water-Facial-Mist_86263d4b-94dc-4708-a755-341190d3b99f.png?v=1616838218,3,,,,,,,,,,,,,,,,,,,,,,
copy-of-ceiusmod-ea-salami,Apple iPhone 12 Pro Max,"<p>Curabitur egestas malesuada volutpat. Nunc vel vestibulum odio, ac pellentesque lacus. Pellentesque dapibus nunc nec est imperdiet, a malesuada sem rutrum. Sed quam odio, porta a finibus quis, sagittis aliquet leo. Nunc ornare metus urna, eu luctus velit placerat ut. Cras at porttitor lectus. Ut dapibus aliquam nibh, in imperdiet libero tincidunt sit amet. Morbi sodales fermentum nibh nec facilisis. Morbi pharetra varius velit, eget varius libero finibus quis. Quisque auctor varius lectus, lacinia rhoncus velit posuere vel. Cras condimentum tincidunt urna, sed vehicula ipsum dapibus et. Pellentesque pharetra ultrices varius. Sed viverra nec purus ut ornare.</p>
<h3>Phasellus elementum:</h3>
<ul>
<li>Aenean auctor sem ac ex efficitur</li>
<li>Non mattis odio bibendum</li>
<li>Sed vitae enim at tortor finibus</li>
<li>Integer facilisis eleifend vehicula</li>
<li>In hac habitasse platea dictumst</li>
</ul>
<p>Sed molestie orci sem, at semper est molestie ac. Suspendisse cursus feugiat erat, eu posuere massa. Nullam posuere nibh non eros lobortis tempus. Maecenas dignissim elementum massa, vel accumsan urna elementum in. Suspendisse at dui euismod, rhoncus eros non, imperdiet ipsum. Vestibulum vehicula vel turpis et vestibulum. Ut porta et ex maximus malesuada.</p>",Home2,Nikes,"0 - $99, Black, deal 2024/12/5, Dior, electronic device, Electronics, Lime, Sliver, White",true,Color,green,,,,,'12,0.0,,1,deny,manual,77.00,88.00,true,true,"",https://cdn.shopify.com/s/files/1/0553/3240/5446/products/Apple-iPhone-12-Pro-Max_6cb483e9-f254-4b2d-ac7e-2dd90ef266c5.png?v=1616833825,1,,false,,,,,,,,,,,,,,,,https://cdn.shopify.com/s/files/1/0553/3240/5446/products/Apple-iPhone-12-Pro-Max_6cb483e9-f254-4b2d-ac7e-2dd90ef266c5.png?v=1616833825,kg,,,active
copy-of-ceiusmod-ea-salami,,,,,,,,yellow,,,,,"",0.0,,0,deny,manual,77.00,88.00,true,true,"",https://cdn.shopify.com/s/files/1/0553/3240/5446/products/Beats-Solo3-Wireless-Headphones_b5f3394f-df7a-45da-93e6-d1226d5cd13a.png?v=1616833825,2,,,,,,,,,,,,,,,,,,https://cdn.shopify.com/s/files/1/0553/3240/5446/products/Beats-Solo3-Wireless-Headphones_b5f3394f-df7a-45da-93e6-d1226d5cd13a.png?v=1616833825,kg,,,
copy-of-ceiusmod-ea-salami,,,,,,,,blue,,,,,"",0.0,,0,deny,manual,77.00,88.00,true,true,"",https://cdn.shopify.com/s/files/1/0553/3240/5446/products/Beoplay-H8i---On-ear-Headphones_286751bf-c1cf-4b37-be1f-e566d8eaf2ff.png?v=1616833825,3,,,,,,,,,,,,,,,,,,https://cdn.shopify.com/s/files/1/0553/3240/5446/products/Beoplay-H8i---On-ear-Headphones_286751bf-c1cf-4b37-be1f-e566d8eaf2ff.png?v=1616833825,kg,,,
copy-of-ceiusmod-ea-salami,,,,,,,,,,,,,,,,,,,,,,,,https://cdn.shopify.com/s/files/1/0553/3240/5446/products/Apple-iPad-Pro-2020-11-inch-128gb_6d59bd27-e4f1-400a-af5f-904988762893.png?v=1616833825,4,,,,,,,,,,,,,,,,,,,,,,
copy-of-shank-burgdoggen-sirl,Oxford Shirt Blue,"<p>Curabitur egestas malesuada volutpat. Nunc vel vestibulum odio, ac pellentesque lacus. Pellentesque dapibus nunc nec est imperdiet, a malesuada sem rutrum. Sed quam odio, porta a finibus quis, sagittis aliquet leo. Nunc ornare metus urna, eu luctus velit placerat ut. Cras at porttitor lectus. Ut dapibus aliquam nibh, in imperdiet libero tincidunt sit amet. Morbi sodales fermentum nibh nec facilisis. Morbi pharetra varius velit, eget varius libero finibus quis. Quisque auctor varius lectus, lacinia rhoncus velit posuere vel. Cras condimentum tincidunt urna, sed vehicula ipsum dapibus et. Pellentesque pharetra ultrices varius. Sed viverra nec purus ut ornare.</p>
<h3>Phasellus elementum:</h3>
<ul>
<li>Aenean auctor sem ac ex efficitur</li>
<li>Non mattis odio bibendum</li>
<li>Sed vitae enim at tortor finibus</li>
<li>Integer facilisis eleifend vehicula</li>
<li>In hac habitasse platea dictumst</li>
</ul>
<p>Sed molestie orci sem, at semper est molestie ac. Suspendisse cursus feugiat erat, eu posuere massa. Nullam posuere nibh non eros lobortis tempus. Maecenas dignissim elementum massa, vel accumsan urna elementum in. Suspendisse at dui euismod, rhoncus eros non, imperdiet ipsum. Vestibulum vehicula vel turpis et vestibulum. Ut porta et ex maximus malesuada.</p>",Watch,Nikes,"0 - $99, Apple, Black, deal 2024/12/12, L, Men's watch, Sliver, Under$69, Upto$200.00, Watch, White, Women's watch",true,Title,Default Title,,,,,"",0.0,,1,deny,manual,33.00,40.00,true,true,"",https://cdn.shopify.com/s/files/1/0553/3240/5446/products/Oxford-Shirt-Blue_515c5c92-b157-483b-9665-6015f2ce0483.png?v=1616836647,1,,false,,,,,,,,,,,,,,,,,kg,,,active
copy-of-shank-burgdoggen-sirl,,,,,,,,,,,,,,,,,,,,,,,,https://cdn.shopify.com/s/files/1/0553/3240/5446/products/REGAL-2-Seater-Fabric-Sofa.png?v=1616836647,2,,,,,,,,,,,,,,,,,,,,,,
copy-of-shank-burgdoggen-sirl,,,,,,,,,,,,,,,,,,,,,,,,https://cdn.shopify.com/s/files/1/0553/3240/5446/products/Mixed-Wool-Scarf_63c1e335-6467-47d6-95a4-5c683d733bbc.png?v=1616836647,3,,,,,,,,,,,,,,,,,,,,,,
copy-of-shank-burgdoggen-sirl,,,,,,,,,,,,,,,,,,,,,,,,https://cdn.shopify.com/s/files/1/0553/3240/5446/products/NIKE-FLIGHT-LEGACY---MENS_ab113bed-c144-48cc-b0bb-ad9fbd04388e.png?v=1616836647,4,,,,,,,,,,,,,,,,,,,,,,
copy-of-xorchetta-tail-doner,Madewell Towel Stripe Central Shirt,"<p>Curabitur egestas malesuada volutpat. Nunc vel vestibulum odio, ac pellentesque lacus. Pellentesque dapibus nunc nec est imperdiet, a malesuada sem rutrum. Sed quam odio, porta a finibus quis, sagittis aliquet leo. Nunc ornare metus urna, eu luctus velit placerat ut. Cras at porttitor lectus. Ut dapibus aliquam nibh, in imperdiet libero tincidunt sit amet. Morbi sodales fermentum nibh nec facilisis. Morbi pharetra varius velit, eget varius libero finibus quis. Quisque auctor varius lectus, lacinia rhoncus velit posuere vel. Cras condimentum tincidunt urna, sed vehicula ipsum dapibus et. Pellentesque pharetra ultrices varius. Sed viverra nec purus ut ornare.</p>
<h3>Phasellus elementum:</h3>
<ul>
<li>Aenean auctor sem ac ex efficitur</li>
<li>Non mattis odio bibendum</li>
<li>Sed vitae enim at tortor finibus</li>
<li>Integer facilisis eleifend vehicula</li>
<li>In hac habitasse platea dictumst</li>
</ul>
<p>Sed molestie orci sem, at semper est molestie ac. Suspendisse cursus feugiat erat, eu posuere massa. Nullam posuere nibh non eros lobortis tempus. Maecenas dignissim elementum massa, vel accumsan urna elementum in. Suspendisse at dui euismod, rhoncus eros non, imperdiet ipsum. Vestibulum vehicula vel turpis et vestibulum. Ut porta et ex maximus malesuada.</p>",New,Nikes,"0 - $99, Black, Book, deal 2025/9/9, Sliver, Upto$200.00, White, Woment",true,Size,S,,,,,"",0.0,,1,deny,manual,79.00,89.00,true,true,"",https://cdn.shopify.com/s/files/1/0553/3240/5446/products/Madewell-Towel-Stripe-Central-Shirt_f4de136e-811c-4583-89ff-19a7ace1e671.png?v=1616835622,1,,false,,,,,,,,,,,,,,,,https://cdn.shopify.com/s/files/1/0553/3240/5446/products/Madewell-Towel-Stripe-Central-Shirt_f4de136e-811c-4583-89ff-19a7ace1e671.png?v=1616835622,kg,,,active
copy-of-xorchetta-tail-doner,,,,,,,,M,,,,,"",0.0,,0,deny,manual,79.00,89.00,true,true,"",https://cdn.shopify.com/s/files/1/0553/3240/5446/products/Mixed-Wool-Scarf_8050fe0b-1ac6-4753-8299-0911ce36eabf.png?v=1616835622,2,,,,,,,,,,,,,,,,,,https://cdn.shopify.com/s/files/1/0553/3240/5446/products/Oxford-Shirt-Blue_25ef3621-6415-464b-8954-f32a29903cc5.png?v=1616835623,kg,,,
copy-of-xorchetta-tail-doner,,,,,,,,L,,,,,"",0.0,,0,deny,manual,79.00,89.00,true,true,"",https://cdn.shopify.com/s/files/1/0553/3240/5446/products/Multicolor-Shoulder-Bag.png?v=1616835622,3,,,,,,,,,,,,,,,,,,https://cdn.shopify.com/s/files/1/0553/3240/5446/products/Multicolor-Shoulder-Bag.png?v=1616835622,kg,,,
copy-of-xorchetta-tail-doner,,,,,,,,,,,,,,,,,,,,,,,,https://cdn.shopify.com/s/files/1/0553/3240/5446/products/Oxford-Shirt-Blue_25ef3621-6415-464b-8954-f32a29903cc5.png?v=1616835623,4,,,,,,,,,,,,,,,,,,,,,,
copy-of-tail-chuck-shoulder,REGAL 2 Seater Fabric Sofa,"<p>Curabitur egestas malesuada volutpat. Nunc vel vestibulum odio, ac pellentesque lacus. Pellentesque dapibus nunc nec est imperdiet, a malesuada sem rutrum. Sed quam odio, porta a finibus quis, sagittis aliquet leo. Nunc ornare metus urna, eu luctus velit placerat ut. Cras at porttitor lectus. Ut dapibus aliquam nibh, in imperdiet libero tincidunt sit amet. Morbi sodales fermentum nibh nec facilisis. Morbi pharetra varius velit, eget varius libero finibus quis. Quisque auctor varius lectus, lacinia rhoncus velit posuere vel. Cras condimentum tincidunt urna, sed vehicula ipsum dapibus et. Pellentesque pharetra ultrices varius. Sed viverra nec purus ut ornare.</p>
<h3>Phasellus elementum:</h3>
<ul>
<li>Aenean auctor sem ac ex efficitur</li>
<li>Non mattis odio bibendum</li>
<li>Sed vitae enim at tortor finibus</li>
<li>Integer facilisis eleifend vehicula</li>
<li>In hac habitasse platea dictumst</li>
</ul>
<p>Sed molestie orci sem, at semper est molestie ac. Suspendisse cursus feugiat erat, eu posuere massa. Nullam posuere nibh non eros lobortis tempus. Maecenas dignissim elementum massa, vel accumsan urna elementum in. Suspendisse at dui euismod, rhoncus eros non, imperdiet ipsum. Vestibulum vehicula vel turpis et vestibulum. Ut porta et ex maximus malesuada.</p>",Watch,Nikes,"$100 - $199, Black, deal 2024/12/12, Sliver, Watch, White, Women's watch",true,Title,Default Title,,,,,"",0.0,,1,deny,manual,111.00,132.00,true,true,"",https://cdn.shopify.com/s/files/1/0553/3240/5446/products/REGAL-2-Seater-Fabric-Sofa_786f52b1-2b51-4928-abdd-a347ce778722.png?v=1616838173,1,,false,,,,,,,,,,,,,,,,,kg,,,active
copy-of-tail-chuck-shoulder,,,,,,,,,,,,,,,,,,,,,,,,https://cdn.shopify.com/s/files/1/0553/3240/5446/products/Samsung-American-Fridge-Freezer---Stainless-Steel.png?v=1616838173,2,,,,,,,,,,,,,,,,,,,,,,
copy-of-tail-chuck-shoulder,,,,,,,,,,,,,,,,,,,,,,,,https://cdn.shopify.com/s/files/1/0553/3240/5446/products/Soborg-Chair---Wood-Frame.png?v=1616838174,3,,,,,,,,,,,,,,,,,,,,,,
copy-of-vupim-ball-tip-flank,LG WM3900HWA,"<p>Curabitur egestas malesuada volutpat. Nunc vel vestibulum odio, ac pellentesque lacus. Pellentesque dapibus nunc nec est imperdiet, a malesuada sem rutrum. Sed quam odio, porta a finibus quis, sagittis aliquet leo. Nunc ornare metus urna, eu luctus velit placerat ut. Cras at porttitor lectus. Ut dapibus aliquam nibh, in imperdiet libero tincidunt sit amet. Morbi sodales fermentum nibh nec facilisis. Morbi pharetra varius velit, eget varius libero finibus quis. Quisque auctor varius lectus, lacinia rhoncus velit posuere vel. Cras condimentum tincidunt urna, sed vehicula ipsum dapibus et. Pellentesque pharetra ultrices varius. Sed viverra nec purus ut ornare.</p>
<h3>Phasellus elementum:</h3>
<ul>
<li>Aenean auctor sem ac ex efficitur</li>
<li>Non mattis odio bibendum</li>
<li>Sed vitae enim at tortor finibus</li>
<li>Integer facilisis eleifend vehicula</li>
<li>In hac habitasse platea dictumst</li>
</ul>
<p>Sed molestie orci sem, at semper est molestie ac. Suspendisse cursus feugiat erat, eu posuere massa. Nullam posuere nibh non eros lobortis tempus. Maecenas dignissim elementum massa, vel accumsan urna elementum in. Suspendisse at dui euismod, rhoncus eros non, imperdiet ipsum. Vestibulum vehicula vel turpis et vestibulum. Ut porta et ex maximus malesuada.</p>",New,Amazon,"$200 - $299, deal 2024/12/12",true,Title,Default Title,,,,,"",0.0,,1,deny,manual,211.00,234.00,true,true,"",https://cdn.shopify.com/s/files/1/0553/3240/5446/products/LG-WM3900HWA_4640620a-0bfc-4fea-8b3d-0d7a374b6e3e.png?v=1616835330,1,,false,,,,,,,,,,,,,,,,,kg,,,active
copy-of-vupim-ball-tip-flank,,,,,,,,,,,,,,,,,,,,,,,,https://cdn.shopify.com/s/files/1/0553/3240/5446/products/Apple-iPhone-12-Pro-Max_ee58ce0b-4c3b-4dcd-aa01-d2f65ef8bee9.png?v=1616835330,2,,,,,,,,,,,,,,,,,,,,,,
copy-of-vupim-ball-tip-flank,,,,,,,,,,,,,,,,,,,,,,,,https://cdn.shopify.com/s/files/1/0553/3240/5446/products/Canon-EOS-1500D-24.1-Digital-SLR-Camera_337d5f12-9981-4c89-9cfe-597adfa92789.png?v=1616835330,3,,,,,,,,,,,,,,,,,,,,,,
copy-of-vupim-ball-tip-flank,,,,,,,,,,,,,,,,,,,,,,,,https://cdn.shopify.com/s/files/1/0553/3240/5446/products/Google-Pixel-5_b0799893-bb8e-4aac-813e-afd2bbc7555b.png?v=1616835330,4,,,,,,,,,,,,,,,,,,,,,,
copy-of-leberkas-pork-loin,Puma RS 0 PLAY,"<p>Curabitur egestas malesuada volutpat. Nunc vel vestibulum odio, ac pellentesque lacus. Pellentesque dapibus nunc nec est imperdiet, a malesuada sem rutrum. Sed quam odio, porta a finibus quis, sagittis aliquet leo. Nunc ornare metus urna, eu luctus velit placerat ut. Cras at porttitor lectus. Ut dapibus aliquam nibh, in imperdiet libero tincidunt sit amet. Morbi sodales fermentum nibh nec facilisis. Morbi pharetra varius velit, eget varius libero finibus quis. Quisque auctor varius lectus, lacinia rhoncus velit posuere vel. Cras condimentum tincidunt urna, sed vehicula ipsum dapibus et. Pellentesque pharetra ultrices varius. Sed viverra nec purus ut ornare.</p>
<h3>Phasellus elementum:</h3>
<ul>
<li>Aenean auctor sem ac ex efficitur</li>
<li>Non mattis odio bibendum</li>
<li>Sed vitae enim at tortor finibus</li>
<li>Integer facilisis eleifend vehicula</li>
<li>In hac habitasse platea dictumst</li>
</ul>
<p>Sed molestie orci sem, at semper est molestie ac. Suspendisse cursus feugiat erat, eu posuere massa. Nullam posuere nibh non eros lobortis tempus. Maecenas dignissim elementum massa, vel accumsan urna elementum in. Suspendisse at dui euismod, rhoncus eros non, imperdiet ipsum. Vestibulum vehicula vel turpis et vestibulum. Ut porta et ex maximus malesuada.</p>",Watch,Nikes,"0 - $99, Black, deal 2024/12/12, Sliver, Under$69, Upto$200.00, White",true,Title,Default Title,,,,,"",0.0,,1,deny,manual,55.00,67.00,true,true,"",https://cdn.shopify.com/s/files/1/0553/3240/5446/products/Puma-RS-0-PLAY.png?v=1616836818,1,,false,,,,,,,,,,,,,,,,,kg,,,active
copy-of-leberkas-pork-loin,,,,,,,,,,,,,,,,,,,,,,,,https://cdn.shopify.com/s/files/1/0553/3240/5446/products/REGAL-2-Seater-Fabric-Sofa_538c15d3-98bf-41d7-9bb6-6afe13b29f7f.png?v=1616836818,2,,,,,,,,,,,,,,,,,,,,,,
copy-of-leberkas-pork-loin,,,,,,,,,,,,,,,,,,,,,,,,https://cdn.shopify.com/s/files/1/0553/3240/5446/products/Mixed-Wool-Scarf_fc15ea8b-9d35-4f6a-bf69-0c27100d7633.png?v=1616836818,3,,,,,,,,,,,,,,,,,,,,,,
copy-of-leberkas-pork-loin,,,,,,,,,,,,,,,,,,,,,,,,https://cdn.shopify.com/s/files/1/0553/3240/5446/products/NIKE-FLIGHT-LEGACY---MENS_abceb747-c0c9-45f4-8faf-5947edb4527b.png?v=1616836819,4,,,,,,,,,,,,,,,,,,,,,,
copy-of-zariat-swine-ipsum,Polaroid Snap Touch Instant Digital Camera ),"<p>Curabitur egestas malesuada volutpat. Nunc vel vestibulum odio, ac pellentesque lacus. Pellentesque dapibus nunc nec est imperdiet, a malesuada sem rutrum. Sed quam odio, porta a finibus quis, sagittis aliquet leo. Nunc ornare metus urna, eu luctus velit placerat ut. Cras at porttitor lectus. Ut dapibus aliquam nibh, in imperdiet libero tincidunt sit amet. Morbi sodales fermentum nibh nec facilisis. Morbi pharetra varius velit, eget varius libero finibus quis. Quisque auctor varius lectus, lacinia rhoncus velit posuere vel. Cras condimentum tincidunt urna, sed vehicula ipsum dapibus et. Pellentesque pharetra ultrices varius. Sed viverra nec purus ut ornare.</p>
<h3>Phasellus elementum:</h3>
<ul>
<li>Aenean auctor sem ac ex efficitur</li>
<li>Non mattis odio bibendum</li>
<li>Sed vitae enim at tortor finibus</li>
<li>Integer facilisis eleifend vehicula</li>
<li>In hac habitasse platea dictumst</li>
</ul>
<p>Sed molestie orci sem, at semper est molestie ac. Suspendisse cursus feugiat erat, eu posuere massa. Nullam posuere nibh non eros lobortis tempus. Maecenas dignissim elementum massa, vel accumsan urna elementum in. Suspendisse at dui euismod, rhoncus eros non, imperdiet ipsum. Vestibulum vehicula vel turpis et vestibulum. Ut porta et ex maximus malesuada.</p>",Watch,Nikes,"$100 - $199, Apple, Black, deal 2024/12/12, Sliver, Watch, White",true,Title,Default Title,,,,,"",0.0,,1,deny,manual,123.00,145.00,true,true,"",https://cdn.shopify.com/s/files/1/0553/3240/5446/products/Polaroid-Snap-Touch-Instant-Digital-Camera_5e5ef5f0-5d26-40f5-abde-92eebbd79a34.png?v=1616836709,1,,false,,,,,,,,,,,,,,,,,kg,,,active
copy-of-zariat-swine-ipsum,,,,,,,,,,,,,,,,,,,,,,,,https://cdn.shopify.com/s/files/1/0553/3240/5446/products/SAMSUNG-Galaxy-S21-2021-Bundle_2d6c7315-9944-44c1-98df-685dfced8c96.png?v=1616836709,2,,,,,,,,,,,,,,,,,,,,,,
copy-of-zariat-swine-ipsum,,,,,,,,,,,,,,,,,,,,,,,,https://cdn.shopify.com/s/files/1/0553/3240/5446/products/SAMSUNG-Galaxy-S21-Ultra-5G_c3a1eab4-7988-40ed-99a9-c1000d95082b.png?v=1616836709,3,,,,,,,,,,,,,,,,,,,,,,
copy-of-zariat-swine-ipsum,,,,,,,,,,,,,,,,,,,,,,,,https://cdn.shopify.com/s/files/1/0553/3240/5446/products/Polaroid-Now-Instant-Camera-with-film_4e7ca4ae-c169-4ad5-acc1-bab6aa156e89.png?v=1616836709,4,,,,,,,,,,,,,,,,,,,,,,
dexcepteur-magna,La Vie Est Belle Intensement 100Ml Edp,"<p>Curabitur egestas malesuada volutpat. Nunc vel vestibulum odio, ac pellentesque lacus. Pellentesque dapibus nunc nec est imperdiet, a malesuada sem rutrum. Sed quam odio, porta a finibus quis, sagittis aliquet leo. Nunc ornare metus urna, eu luctus velit placerat ut. Cras at porttitor lectus. Ut dapibus aliquam nibh, in imperdiet libero tincidunt sit amet. Morbi sodales fermentum nibh nec facilisis. Morbi pharetra varius velit, eget varius libero finibus quis. Quisque auctor varius lectus, lacinia rhoncus velit posuere vel. Cras condimentum tincidunt urna, sed vehicula ipsum dapibus et. Pellentesque pharetra ultrices varius. Sed viverra nec purus ut ornare.</p>
<h3>Phasellus elementum:</h3>
<ul>
<li>Aenean auctor sem ac ex efficitur</li>
<li>Non mattis odio bibendum</li>
<li>Sed vitae enim at tortor finibus</li>
<li>Integer facilisis eleifend vehicula</li>
<li>In hac habitasse platea dictumst</li>
</ul>
<p>Sed molestie orci sem, at semper est molestie ac. Suspendisse cursus feugiat erat, eu posuere massa. Nullam posuere nibh non eros lobortis tempus. Maecenas dignissim elementum massa, vel accumsan urna elementum in. Suspendisse at dui euismod, rhoncus eros non, imperdiet ipsum. Vestibulum vehicula vel turpis et vestibulum. Ut porta et ex maximus malesuada.</p>",Home2,Amazon,"0 - $99, Home, White",true,Title,Default Title,,,,,"",0.0,,1,deny,manual,65.00,,true,true,"",https://cdn.shopify.com/s/files/1/0553/3240/5446/products/La-Vie-Est-Belle-Intensement-100Ml-Edp_c934997f-ad22-424e-a522-0af4bdb71e0b.png?v=1616835582,1,,false,,,,,,,,,,,,,,,,,kg,,,active
dexcepteur-magna,,,,,,,,,,,,,,,,,,,,,,,,https://cdn.shopify.com/s/files/1/0553/3240/5446/products/Madewell-Towel-Stripe-Central-Shirt_effca806-6342-4be0-96c7-081c7e069507.png?v=1616835582,2,,,,,,,,,,,,,,,,,,,,,,
dexcepteur-magna,,,,,,,,,,,,,,,,,,,,,,,,https://cdn.shopify.com/s/files/1/0553/3240/5446/products/Mixed-Wool-Scarf_9255236f-4f3b-419c-9506-f95d75a5041e.png?v=1616835582,3,,,,,,,,,,,,,,,,,,,,,,
dexcepteur-magna,,,,,,,,,,,,,,,,,,,,,,,,https://cdn.shopify.com/s/files/1/0553/3240/5446/products/JanSport-Right-Pack-Backpack---Light-Blue_dddee3c4-0725-417e-a487-e4d8d2e21ee3.png?v=1616835582,4,,,,,,,,,,,,,,,,,,,,,,
doner-pastrami,Apple iPad Pro 2020 11 inch 128gb,"<p>Curabitur egestas malesuada volutpat. Nunc vel vestibulum odio, ac pellentesque lacus. Pellentesque dapibus nunc nec est imperdiet, a malesuada sem rutrum. Sed quam odio, porta a finibus quis, sagittis aliquet leo. Nunc ornare metus urna, eu luctus velit placerat ut. Cras at porttitor lectus. Ut dapibus aliquam nibh, in imperdiet libero tincidunt sit amet. Morbi sodales fermentum nibh nec facilisis. Morbi pharetra varius velit, eget varius libero finibus quis. Quisque auctor varius lectus, lacinia rhoncus velit posuere vel. Cras condimentum tincidunt urna, sed vehicula ipsum dapibus et. Pellentesque pharetra ultrices varius. Sed viverra nec purus ut ornare.</p>
<h3>Phasellus elementum:</h3>
<ul>
<li>Aenean auctor sem ac ex efficitur</li>
<li>Non mattis odio bibendum</li>
<li>Sed vitae enim at tortor finibus</li>
<li>Integer facilisis eleifend vehicula</li>
<li>In hac habitasse platea dictumst</li>
</ul>
<p>Sed molestie orci sem, at semper est molestie ac. Suspendisse cursus feugiat erat, eu posuere massa. Nullam posuere nibh non eros lobortis tempus. Maecenas dignissim elementum massa, vel accumsan urna elementum in. Suspendisse at dui euismod, rhoncus eros non, imperdiet ipsum. Vestibulum vehicula vel turpis et vestibulum. Ut porta et ex maximus malesuada.</p>",home3,Amazon,"0 - $99, Electronics, Glass",true,Title,Default Title,,,,,"",0.0,,1,deny,manual,76.00,,true,true,"",https://cdn.shopify.com/s/files/1/0553/3240/5446/products/Apple-iPad-Pro-2020-11-inch-128gb.png?v=1616833754,1,,false,,,,,,,,,,,,,,,,,kg,,,active
doner-pastrami,,,,,,,,,,,,,,,,,,,,,,,,https://cdn.shopify.com/s/files/1/0553/3240/5446/products/Apple-iPhone-12-Pro-Max.png?v=1616833754,2,,,,,,,,,,,,,,,,,,,,,,
doner-pastrami,,,,,,,,,,,,,,,,,,,,,,,,https://cdn.shopify.com/s/files/1/0553/3240/5446/products/Beats-Solo3-Wireless-Headphones.png?v=1616833754,3,,,,,,,,,,,,,,,,,,,,,,
doner-pastrami,,,,,,,,,,,,,,,,,,,,,,,,https://cdn.shopify.com/s/files/1/0553/3240/5446/products/Beoplay-H8i---On-ear-Headphones.png?v=1616833754,4,,,,,,,,,,,,,,,,,,,,,,
eiusmod-consequa,Beoplay H8i - On-ear Headphones,"<p>Curabitur egestas malesuada volutpat. Nunc vel vestibulum odio, ac pellentesque lacus. Pellentesque dapibus nunc nec est imperdiet, a malesuada sem rutrum. Sed quam odio, porta a finibus quis, sagittis aliquet leo. Nunc ornare metus urna, eu luctus velit placerat ut. Cras at porttitor lectus. Ut dapibus aliquam nibh, in imperdiet libero tincidunt sit amet. Morbi sodales fermentum nibh nec facilisis. Morbi pharetra varius velit, eget varius libero finibus quis. Quisque auctor varius lectus, lacinia rhoncus velit posuere vel. Cras condimentum tincidunt urna, sed vehicula ipsum dapibus et. Pellentesque pharetra ultrices varius. Sed viverra nec purus ut ornare.</p>
<h3>Phasellus elementum:</h3>
<ul>
<li>Aenean auctor sem ac ex efficitur</li>
<li>Non mattis odio bibendum</li>
<li>Sed vitae enim at tortor finibus</li>
<li>Integer facilisis eleifend vehicula</li>
<li>In hac habitasse platea dictumst</li>
</ul>
<p>Sed molestie orci sem, at semper est molestie ac. Suspendisse cursus feugiat erat, eu posuere massa. Nullam posuere nibh non eros lobortis tempus. Maecenas dignissim elementum massa, vel accumsan urna elementum in. Suspendisse at dui euismod, rhoncus eros non, imperdiet ipsum. Vestibulum vehicula vel turpis et vestibulum. Ut porta et ex maximus malesuada.</p>",home3,Amazon,"$200 - $299, deal 2024/12/12, electronic device, From $199.99, Louis, ONE SIZE",true,Title,Default Title,,,,,"",0.0,,1,deny,manual,231.00,256.00,true,true,"",https://cdn.shopify.com/s/files/1/0553/3240/5446/products/Beats-Solo3-Wireless-Headphones_9553e5d6-751f-4b41-8e99-b9913edf89d6.png?v=1616835010,1,,false,,,,,,,,,,,,,,,,,kg,,,active
eiusmod-consequa,,,,,,,,,,,,,,,,,,,,,,,,https://cdn.shopify.com/s/files/1/0553/3240/5446/products/Beoplay-H8i---On-ear-Headphones_204aa094-68f9-4292-b82f-3b6eaba3348c.png?v=1616835010,2,,,,,,,,,,,,,,,,,,,,,,
eiusmod-consequa,,,,,,,,,,,,,,,,,,,,,,,,https://cdn.shopify.com/s/files/1/0553/3240/5446/products/Canon-EOS-1500D-24.1-Digital-SLR-Camera.png?v=1616835010,3,,,,,,,,,,,,,,,,,,,,,,
eiusmod-consequa,,,,,,,,,,,,,,,,,,,,,,,,https://cdn.shopify.com/s/files/1/0553/3240/5446/products/Apple-iPad-Pro-2020-11-inch-128gb_d31f484f-5e9a-4761-9e42-979d7eced775.png?v=1616835010,4,,,,,,,,,,,,,,,,,,,,,,
eiusmod-consequa,,,,,,,,,,,,,,,,,,,,,,,,https://cdn.shopify.com/s/files/1/0553/3240/5446/products/Apple-iPhone-12-Pro-Max_05b26765-d330-420a-8495-ab45048b951c.png?v=1616835010,5,,,,,,,,,,,,,,,,,,,,,,
ipsum-hamburge,Samsung American Fridge Freezer - Stainless Steel,"<p>Curabitur egestas malesuada volutpat. Nunc vel vestibulum odio, ac pellentesque lacus. Pellentesque dapibus nunc nec est imperdiet, a malesuada sem rutrum. Sed quam odio, porta a finibus quis, sagittis aliquet leo. Nunc ornare metus urna, eu luctus velit placerat ut. Cras at porttitor lectus. Ut dapibus aliquam nibh, in imperdiet libero tincidunt sit amet. Morbi sodales fermentum nibh nec facilisis. Morbi pharetra varius velit, eget varius libero finibus quis. Quisque auctor varius lectus, lacinia rhoncus velit posuere vel. Cras condimentum tincidunt urna, sed vehicula ipsum dapibus et. Pellentesque pharetra ultrices varius. Sed viverra nec purus ut ornare.</p>
<h3>Phasellus elementum:</h3>
<ul>
<li>Aenean auctor sem ac ex efficitur</li>
<li>Non mattis odio bibendum</li>
<li>Sed vitae enim at tortor finibus</li>
<li>Integer facilisis eleifend vehicula</li>
<li>In hac habitasse platea dictumst</li>
</ul>
<p>Sed molestie orci sem, at semper est molestie ac. Suspendisse cursus feugiat erat, eu posuere massa. Nullam posuere nibh non eros lobortis tempus. Maecenas dignissim elementum massa, vel accumsan urna elementum in. Suspendisse at dui euismod, rhoncus eros non, imperdiet ipsum. Vestibulum vehicula vel turpis et vestibulum. Ut porta et ex maximus malesuada.</p>",home3,Amazon,"0 - $99, deal 2024/12/12, From $199.99, label2, New, Recommended, Under$69",true,Title,Default Title,,,,,"",0.0,,1,deny,manual,237.00,199.00,true,true,"",https://cdn.shopify.com/s/files/1/0553/3240/5446/products/Samsung-American-Fridge-Freezer---Stainless-Steel_769ff89c-dc73-4090-9208-266ee7e7085a.png?v=1616838254,1,,false,,,,,,,,,,,,,,,,,kg,,,active
ipsum-hamburge,,,,,,,,,,,,,,,,,,,,,,,,https://cdn.shopify.com/s/files/1/0553/3240/5446/products/Soborg-Chair---Wood-Frame_08aabd74-4b4c-4012-9271-e547af77391a.png?v=1616838254,2,,,,,,,,,,,,,,,,,,,,,,
ipsum-hamburge,,,,,,,,,,,,,,,,,,,,,,,,https://cdn.shopify.com/s/files/1/0553/3240/5446/products/REGAL-2-Seater-Fabric-Sofa_d2c26620-d757-4059-a8bf-1275e3b3df35.png?v=1616838254,3,,,,,,,,,,,,,,,,,,,,,,
haborum-shoul,Polaroid Now Instant Camera with film,"<p>Curabitur egestas malesuada volutpat. Nunc vel vestibulum odio, ac pellentesque lacus. Pellentesque dapibus nunc nec est imperdiet, a malesuada sem rutrum. Sed quam odio, porta a finibus quis, sagittis aliquet leo. Nunc ornare metus urna, eu luctus velit placerat ut. Cras at porttitor lectus. Ut dapibus aliquam nibh, in imperdiet libero tincidunt sit amet. Morbi sodales fermentum nibh nec facilisis. Morbi pharetra varius velit, eget varius libero finibus quis. Quisque auctor varius lectus, lacinia rhoncus velit posuere vel. Cras condimentum tincidunt urna, sed vehicula ipsum dapibus et. Pellentesque pharetra ultrices varius. Sed viverra nec purus ut ornare.</p>
<h3>Phasellus elementum:</h3>
<ul>
<li>Aenean auctor sem ac ex efficitur</li>
<li>Non mattis odio bibendum</li>
<li>Sed vitae enim at tortor finibus</li>
<li>Integer facilisis eleifend vehicula</li>
<li>In hac habitasse platea dictumst</li>
</ul>
<p>Sed molestie orci sem, at semper est molestie ac. Suspendisse cursus feugiat erat, eu posuere massa. Nullam posuere nibh non eros lobortis tempus. Maecenas dignissim elementum massa, vel accumsan urna elementum in. Suspendisse at dui euismod, rhoncus eros non, imperdiet ipsum. Vestibulum vehicula vel turpis et vestibulum. Ut porta et ex maximus malesuada.</p>",home6,Amazon,"$200 - $299, 20, Black, deal 2024/12/5, From $199.99, Recommended, White",true,Title,Default Title,,,,,"",0.0,,1,deny,manual,222.00,232.00,true,true,"",https://cdn.shopify.com/s/files/1/0553/3240/5446/products/Polaroid-Now-Instant-Camera-with-film.png?v=1616836678,1,,false,,,,,,,,,,,,,,,,,kg,,,active
haborum-shoul,,,,,,,,,,,,,,,,,,,,,,,,https://cdn.shopify.com/s/files/1/0553/3240/5446/products/Polaroid-Snap-Touch-Instant-Digital-Camera.png?v=1616836678,2,,,,,,,,,,,,,,,,,,,,,,
haborum-shoul,,,,,,,,,,,,,,,,,,,,,,,,https://cdn.shopify.com/s/files/1/0553/3240/5446/products/SAMSUNG-Galaxy-S21-2021-Bundle.png?v=1616836679,3,,,,,,,,,,,,,,,,,,,,,,
haborum-shoul,,,,,,,,,,,,,,,,,,,,,,,,https://cdn.shopify.com/s/files/1/0553/3240/5446/products/SAMSUNG-Galaxy-S21-Ultra-5G.png?v=1616836679,4,,,,,,,,,,,,,,,,,,,,,,
aoccaecat-pariatur,Beoplay H8i On ear Headphones,"<p>Curabitur egestas malesuada volutpat. Nunc vel vestibulum odio, ac pellentesque lacus. Pellentesque dapibus nunc nec est imperdiet, a malesuada sem rutrum. Sed quam odio, porta a finibus quis, sagittis aliquet leo. Nunc ornare metus urna, eu luctus velit placerat ut. Cras at porttitor lectus. Ut dapibus aliquam nibh, in imperdiet libero tincidunt sit amet. Morbi sodales fermentum nibh nec facilisis. Morbi pharetra varius velit, eget varius libero finibus quis. Quisque auctor varius lectus, lacinia rhoncus velit posuere vel. Cras condimentum tincidunt urna, sed vehicula ipsum dapibus et. Pellentesque pharetra ultrices varius. Sed viverra nec purus ut ornare.</p>
<h3>Phasellus elementum:</h3>
<ul>
<li>Aenean auctor sem ac ex efficitur</li>
<li>Non mattis odio bibendum</li>
<li>Sed vitae enim at tortor finibus</li>
<li>Integer facilisis eleifend vehicula</li>
<li>In hac habitasse platea dictumst</li>
</ul>
<p>Sed molestie orci sem, at semper est molestie ac. Suspendisse cursus feugiat erat, eu posuere massa. Nullam posuere nibh non eros lobortis tempus. Maecenas dignissim elementum massa, vel accumsan urna elementum in. Suspendisse at dui euismod, rhoncus eros non, imperdiet ipsum. Vestibulum vehicula vel turpis et vestibulum. Ut porta et ex maximus malesuada.</p>",Furnicom,Amazon,"Above $400, deal 2024/12/12, electronic device, From $199.99, label2, ONE SIZE",true,Color,blue,,,,,"",0.0,,1,deny,manual,472.00,478.00,true,true,"",https://cdn.shopify.com/s/files/1/0553/3240/5446/products/Beoplay-H8i---On-ear-Headphones_4f7b4274-5516-4f7b-9584-69661b6bd182.png?v=1616835051,1,,false,,,,,,,,,,,,,,,,https://cdn.shopify.com/s/files/1/0553/3240/5446/products/Canon-EOS-1500D-24.1-Digital-SLR-Camera_1f3c3875-fc64-45b4-8a16-72756d52541b.png?v=1616835051,kg,,,active
aoccaecat-pariatur,,,,,,,,red,,,,,"",0.0,,0,deny,manual,472.00,478.00,true,true,"",https://cdn.shopify.com/s/files/1/0553/3240/5446/products/Canon-EOS-1500D-24.1-Digital-SLR-Camera_1f3c3875-fc64-45b4-8a16-72756d52541b.png?v=1616835051,2,,,,,,,,,,,,,,,,,,https://cdn.shopify.com/s/files/1/0553/3240/5446/products/Apple-iPad-Pro-2020-11-inch-128gb_883848b5-e9c5-4c55-8874-9d2105a77bbb.png?v=1616835051,kg,,,
aoccaecat-pariatur,,,,,,,,,,,,,,,,,,,,,,,,https://cdn.shopify.com/s/files/1/0553/3240/5446/products/Apple-iPad-Pro-2020-11-inch-128gb_883848b5-e9c5-4c55-8874-9d2105a77bbb.png?v=1616835051,3,,,,,,,,,,,,,,,,,,,,,,
aoccaecat-pariatur,,,,,,,,,,,,,,,,,,,,,,,,https://cdn.shopify.com/s/files/1/0553/3240/5446/products/Apple-iPhone-12-Pro-Max_d5f597f7-ffde-468a-828f-6199f8850a42.png?v=1616835051,4,,,,,,,,,,,,,,,,,,,,,,
aoccaecat-pariatur,,,,,,,,,,,,,,,,,,,,,,,,https://cdn.shopify.com/s/files/1/0553/3240/5446/products/Beats-Solo3-Wireless-Headphones_11b44d81-7f43-46ca-8da4-d601d73a26ee.png?v=1616835051,5,,,,,,,,,,,,,,,,,,,,,,
consequat-burgdogis,Canon EOS 1500D 24.1 Digital SLR Camera,"<p>Curabitur egestas malesuada volutpat. Nunc vel vestibulum odio, ac pellentesque lacus. Pellentesque dapibus nunc nec est imperdiet, a malesuada sem rutrum. Sed quam odio, porta a finibus quis, sagittis aliquet leo. Nunc ornare metus urna, eu luctus velit placerat ut. Cras at porttitor lectus. Ut dapibus aliquam nibh, in imperdiet libero tincidunt sit amet. Morbi sodales fermentum nibh nec facilisis. Morbi pharetra varius velit, eget varius libero finibus quis. Quisque auctor varius lectus, lacinia rhoncus velit posuere vel. Cras condimentum tincidunt urna, sed vehicula ipsum dapibus et. Pellentesque pharetra ultrices varius. Sed viverra nec purus ut ornare.</p>
<h3>Phasellus elementum:</h3>
<ul>
<li>Aenean auctor sem ac ex efficitur</li>
<li>Non mattis odio bibendum</li>
<li>Sed vitae enim at tortor finibus</li>
<li>Integer facilisis eleifend vehicula</li>
<li>In hac habitasse platea dictumst</li>
</ul>
<p>Sed molestie orci sem, at semper est molestie ac. Suspendisse cursus feugiat erat, eu posuere massa. Nullam posuere nibh non eros lobortis tempus. Maecenas dignissim elementum massa, vel accumsan urna elementum in. Suspendisse at dui euismod, rhoncus eros non, imperdiet ipsum. Vestibulum vehicula vel turpis et vestibulum. Ut porta et ex maximus malesuada.</p>",Home2,Amazon,"0 - $99, Black, deal 2024/12/5, electronic device, Glass, Under$69",true,Color,black,,,,,"",0.0,,1,deny,manual,31.00,42.00,true,true,"",https://cdn.shopify.com/s/files/1/0553/3240/5446/products/Canon-EOS-1500D-24.1-Digital-SLR-Camera_78534e15-56c6-4e54-8d16-4069689b5832.png?v=1616835167,1,,false,,,,,,,,,,,,,,,,https://cdn.shopify.com/s/files/1/0553/3240/5446/products/Canon-EOS-1500D-24.1-Digital-SLR-Camera_78534e15-56c6-4e54-8d16-4069689b5832.png?v=1616835167,kg,,,active
consequat-burgdogis,,,,,,,,red,,,,,"",0.0,,0,deny,manual,31.00,42.00,true,true,"",https://cdn.shopify.com/s/files/1/0553/3240/5446/products/Apple-iPad-Pro-2020-11-inch-128gb_9a7ced54-a98f-4dfa-a118-467e17f19b3c.png?v=1616835167,2,,,,,,,,,,,,,,,,,,https://cdn.shopify.com/s/files/1/0553/3240/5446/products/Apple-iPad-Pro-2020-11-inch-128gb_9a7ced54-a98f-4dfa-a118-467e17f19b3c.png?v=1616835167,kg,,,
consequat-burgdogis,,,,,,,,,,,,,,,,,,,,,,,,https://cdn.shopify.com/s/files/1/0553/3240/5446/products/Apple-iPhone-12-Pro-Max_7a70a63f-f0fd-4989-a572-b8134ee95bda.png?v=1616835167,3,,,,,,,,,,,,,,,,,,,,,,
consequat-burgdogis,,,,,,,,,,,,,,,,,,,,,,,,https://cdn.shopify.com/s/files/1/0553/3240/5446/products/Beats-Solo3-Wireless-Headphones_d467c8dd-b0c3-4295-a769-0a0ae9b85c0b.png?v=1616835167,4,,,,,,,,,,,,,,,,,,,,,,
consequat-burgdogis,,,,,,,,,,,,,,,,,,,,,,,,https://cdn.shopify.com/s/files/1/0553/3240/5446/products/Beoplay-H8i---On-ear-Headphones_029491da-73e4-416b-985c-2702ed0b12d3.png?v=1616835167,5,,,,,,,,,,,,,,,,,,,,,,
capicola-excepteur,Google Pixel 5,"<p>Curabitur egestas malesuada volutpat. Nunc vel vestibulum odio, ac pellentesque lacus. Pellentesque dapibus nunc nec est imperdiet, a malesuada sem rutrum. Sed quam odio, porta a finibus quis, sagittis aliquet leo. Nunc ornare metus urna, eu luctus velit placerat ut. Cras at porttitor lectus. Ut dapibus aliquam nibh, in imperdiet libero tincidunt sit amet. Morbi sodales fermentum nibh nec facilisis. Morbi pharetra varius velit, eget varius libero finibus quis. Quisque auctor varius lectus, lacinia rhoncus velit posuere vel. Cras condimentum tincidunt urna, sed vehicula ipsum dapibus et. Pellentesque pharetra ultrices varius. Sed viverra nec purus ut ornare.</p>
<h3>Phasellus elementum:</h3>
<ul>
<li>Aenean auctor sem ac ex efficitur</li>
<li>Non mattis odio bibendum</li>
<li>Sed vitae enim at tortor finibus</li>
<li>Integer facilisis eleifend vehicula</li>
<li>In hac habitasse platea dictumst</li>
</ul>
<p>Sed molestie orci sem, at semper est molestie ac. Suspendisse cursus feugiat erat, eu posuere massa. Nullam posuere nibh non eros lobortis tempus. Maecenas dignissim elementum massa, vel accumsan urna elementum in. Suspendisse at dui euismod, rhoncus eros non, imperdiet ipsum. Vestibulum vehicula vel turpis et vestibulum. Ut porta et ex maximus malesuada.</p>",New,Amazon,"0 - $99, Black, Book, New, White",true,Title,Default Title,,,,,"",0.0,,1,deny,manual,76.00,80.00,true,true,"",https://cdn.shopify.com/s/files/1/0553/3240/5446/products/Google-Pixel-5.png?v=1616835261,1,,false,,,,,,,,,,,,,,,,,kg,,,active
capicola-excepteur,,,,,,,,,,,,,,,,,,,,,,,,https://cdn.shopify.com/s/files/1/0553/3240/5446/products/LG-WM3900HWA.png?v=1616835261,2,,,,,,,,,,,,,,,,,,,,,,
capicola-excepteur,,,,,,,,,,,,,,,,,,,,,,,,https://cdn.shopify.com/s/files/1/0553/3240/5446/products/Apple-iPad-Pro-2020-11-inch-128gb_1f15b194-cc29-4132-b64b-7f467f23b21a.png?v=1616835261,3,,,,,,,,,,,,,,,,,,,,,,
capicola-excepteur,,,,,,,,,,,,,,,,,,,,,,,,https://cdn.shopify.com/s/files/1/0553/3240/5446/products/Apple-iPhone-12-Pro-Max_2369e4f3-8b2b-46d9-8e02-fe55a964fe7a.png?v=1616835261,4,,,,,,,,,,,,,,,,,,,,,,
capicola-excepteur,,,,,,,,,,,,,,,,,,,,,,,,https://cdn.shopify.com/s/files/1/0553/3240/5446/products/Beats-Solo3-Wireless-Headphones_109649bc-2c3d-45f4-817f-5f087b270997.png?v=1616835261,5,,,,,,,,,,,,,,,,,,,,,,
capicola-excepteur,,,,,,,,,,,,,,,,,,,,,,,,https://cdn.shopify.com/s/files/1/0553/3240/5446/products/Canon-EOS-1500D-24.1-Digital-SLR-Camera_bfb3c93e-acfb-4ab9-88c6-79aa2dbbbaec.png?v=1616835261,6,,,,,,,,,,,,,,,,,,,,,,
dolore-nisifile,Fujifilm Instax Mini 9 Instant Camera ICE Blue Deluxe Bundle,"<p>Curabitur egestas malesuada volutpat. Nunc vel vestibulum odio, ac pellentesque lacus. Pellentesque dapibus nunc nec est imperdiet, a malesuada sem rutrum. Sed quam odio, porta a finibus quis, sagittis aliquet leo. Nunc ornare metus urna, eu luctus velit placerat ut. Cras at porttitor lectus. Ut dapibus aliquam nibh, in imperdiet libero tincidunt sit amet. Morbi sodales fermentum nibh nec facilisis. Morbi pharetra varius velit, eget varius libero finibus quis. Quisque auctor varius lectus, lacinia rhoncus velit posuere vel. Cras condimentum tincidunt urna, sed vehicula ipsum dapibus et. Pellentesque pharetra ultrices varius. Sed viverra nec purus ut ornare.</p>
<h3>Phasellus elementum:</h3>
<ul>
<li>Aenean auctor sem ac ex efficitur</li>
<li>Non mattis odio bibendum</li>
<li>Sed vitae enim at tortor finibus</li>
<li>Integer facilisis eleifend vehicula</li>
<li>In hac habitasse platea dictumst</li>
</ul>
<p>Sed molestie orci sem, at semper est molestie ac. Suspendisse cursus feugiat erat, eu posuere massa. Nullam posuere nibh non eros lobortis tempus. Maecenas dignissim elementum massa, vel accumsan urna elementum in. Suspendisse at dui euismod, rhoncus eros non, imperdiet ipsum. Vestibulum vehicula vel turpis et vestibulum. Ut porta et ex maximus malesuada.</p>",New,Amazon,"0 - $99, Book, deal 2024/12/12, White, Woment",true,Title,Default Title,,,,,"",0.0,,1,deny,manual,80.00,90.00,true,true,"",https://cdn.shopify.com/s/files/1/0553/3240/5446/products/Fujifilm-Instax-Mini-9-Instant-Camera-ICE-Blue-Deluxe-Bundle.png?v=1616835453,1,,false,,,,,,,,,,,,,,,,,kg,,,active
dolore-nisifile,,,,,,,,,,,,,,,,,,,,,,,,https://cdn.shopify.com/s/files/1/0553/3240/5446/products/JanSport-Right-Pack-Backpack---Light-Blue.png?v=1616835453,2,,,,,,,,,,,,,,,,,,,,,,
dolore-nisifile,,,,,,,,,,,,,,,,,,,,,,,,https://cdn.shopify.com/s/files/1/0553/3240/5446/products/La-Vie-Est-Belle-Intensement-100Ml-Edp_1a7b3564-e67e-4070-bd75-6c5f9a13e82e.png?v=1616835453,3,,,,,,,,,,,,,,,,,,,,,,
dolore-nisifile,,,,,,,,,,,,,,,,,,,,,,,,https://cdn.shopify.com/s/files/1/0553/3240/5446/products/Madewell-Towel-Stripe-Central-Shirt.png?v=1616835453,4,,,,,,,,,,,,,,,,,,,,,,
bolore-ieserunt,JanSport Right Pack Backpack - Light Blue,"<p>Curabitur egestas malesuada volutpat. Nunc vel vestibulum odio, ac pellentesque lacus. Pellentesque dapibus nunc nec est imperdiet, a malesuada sem rutrum. Sed quam odio, porta a finibus quis, sagittis aliquet leo. Nunc ornare metus urna, eu luctus velit placerat ut. Cras at porttitor lectus. Ut dapibus aliquam nibh, in imperdiet libero tincidunt sit amet. Morbi sodales fermentum nibh nec facilisis. Morbi pharetra varius velit, eget varius libero finibus quis. Quisque auctor varius lectus, lacinia rhoncus velit posuere vel. Cras condimentum tincidunt urna, sed vehicula ipsum dapibus et. Pellentesque pharetra ultrices varius. Sed viverra nec purus ut ornare.</p>
<h3>Phasellus elementum:</h3>
<ul>
<li>Aenean auctor sem ac ex efficitur</li>
<li>Non mattis odio bibendum</li>
<li>Sed vitae enim at tortor finibus</li>
<li>Integer facilisis eleifend vehicula</li>
<li>In hac habitasse platea dictumst</li>
</ul>
<p>Sed molestie orci sem, at semper est molestie ac. Suspendisse cursus feugiat erat, eu posuere massa. Nullam posuere nibh non eros lobortis tempus. Maecenas dignissim elementum massa, vel accumsan urna elementum in. Suspendisse at dui euismod, rhoncus eros non, imperdiet ipsum. Vestibulum vehicula vel turpis et vestibulum. Ut porta et ex maximus malesuada.</p>",New,Dilac,"0 - $99, Book, Dior, Nike, Woment",true,Title,Default Title,,,,,"",0.0,,1,deny,manual,76.00,65.00,true,true,"",https://cdn.shopify.com/s/files/1/0553/3240/5446/products/JanSport-Right-Pack-Backpack---Light-Blue_a245fda4-7d52-4e49-86b3-965108a14a31.png?v=1616835519,1,,false,,,,,,,,,,,,,,,,,kg,,,active
bolore-ieserunt,,,,,,,,,,,,,,,,,,,,,,,,https://cdn.shopify.com/s/files/1/0553/3240/5446/products/La-Vie-Est-Belle-Intensement-100Ml-Edp_191f7c04-00f1-4858-94d2-e4aaa01edafa.png?v=1616835519,2,,,,,,,,,,,,,,,,,,,,,,
bolore-ieserunt,,,,,,,,,,,,,,,,,,,,,,,,https://cdn.shopify.com/s/files/1/0553/3240/5446/products/Madewell-Towel-Stripe-Central-Shirt_92f2054a-c8ea-4f68-8bb1-ad20a4713acb.png?v=1616835519,3,,,,,,,,,,,,,,,,,,,,,,
bolore-ieserunt,,,,,,,,,,,,,,,,,,,,,,,,https://cdn.shopify.com/s/files/1/0553/3240/5446/products/Oxford-Shirt-Blue.png?v=1616835520,4,,,,,,,,,,,,,,,,,,,,,,
aliquip-sintfugia,Multicolor Shoulder Bag,"<p>Curabitur egestas malesuada volutpat. Nunc vel vestibulum odio, ac pellentesque lacus. Pellentesque dapibus nunc nec est imperdiet, a malesuada sem rutrum. Sed quam odio, porta a finibus quis, sagittis aliquet leo. Nunc ornare metus urna, eu luctus velit placerat ut. Cras at porttitor lectus. Ut dapibus aliquam nibh, in imperdiet libero tincidunt sit amet. Morbi sodales fermentum nibh nec facilisis. Morbi pharetra varius velit, eget varius libero finibus quis. Quisque auctor varius lectus, lacinia rhoncus velit posuere vel. Cras condimentum tincidunt urna, sed vehicula ipsum dapibus et. Pellentesque pharetra ultrices varius. Sed viverra nec purus ut ornare.</p>
<h3>Phasellus elementum:</h3>
<ul>
<li>Aenean auctor sem ac ex efficitur</li>
<li>Non mattis odio bibendum</li>
<li>Sed vitae enim at tortor finibus</li>
<li>Integer facilisis eleifend vehicula</li>
<li>In hac habitasse platea dictumst</li>
</ul>
<p>Sed molestie orci sem, at semper est molestie ac. Suspendisse cursus feugiat erat, eu posuere massa. Nullam posuere nibh non eros lobortis tempus. Maecenas dignissim elementum massa, vel accumsan urna elementum in. Suspendisse at dui euismod, rhoncus eros non, imperdiet ipsum. Vestibulum vehicula vel turpis et vestibulum. Ut porta et ex maximus malesuada.</p>",Watch,Amazon,"$100 - $199, Black, deal 2024/12/12, Men's watch, New, Watch, White, Women's watch",true,Title,Default Title,,,,,"",0.0,,1,deny,manual,126.00,154.00,true,true,"",https://cdn.shopify.com/s/files/1/0553/3240/5446/products/Multicolor-Shoulder-Bag_5f572e49-89bc-47e2-a2c1-02426d88846f.png?v=1616836163,1,,false,,,,,,,,,,,,,,,,,kg,,,active
aliquip-sintfugia,,,,,,,,,,,,,,,,,,,,,,,,https://cdn.shopify.com/s/files/1/0553/3240/5446/products/NIKE-FLIGHT-LEGACY---MENS_d8918e07-d335-41ae-8587-193f61efea46.png?v=1616836163,2,,,,,,,,,,,,,,,,,,,,,,
aliquip-sintfugia,,,,,,,,,,,,,,,,,,,,,,,,https://cdn.shopify.com/s/files/1/0553/3240/5446/products/JanSport-Right-Pack-Backpack---Light-Blue_17ab1640-e9b8-422c-9ede-4621dfc9d95b.png?v=1616836163,3,,,,,,,,,,,,,,,,,,,,,,
aliquip-sintfugia,,,,,,,,,,,,,,,,,,,,,,,,https://cdn.shopify.com/s/files/1/0553/3240/5446/products/Mixed-Wool-Scarf_cb65c845-b280-4dd0-b752-a7b0dccf5e65.png?v=1616836163,4,,,,,,,,,,,,,,,,,,,,,,
boudin-tenderloin,NIKE FLIGHT LEGACY - MENS,"<p>Curabitur egestas malesuada volutpat. Nunc vel vestibulum odio, ac pellentesque lacus. Pellentesque dapibus nunc nec est imperdiet, a malesuada sem rutrum. Sed quam odio, porta a finibus quis, sagittis aliquet leo. Nunc ornare metus urna, eu luctus velit placerat ut. Cras at porttitor lectus. Ut dapibus aliquam nibh, in imperdiet libero tincidunt sit amet. Morbi sodales fermentum nibh nec facilisis. Morbi pharetra varius velit, eget varius libero finibus quis. Quisque auctor varius lectus, lacinia rhoncus velit posuere vel. Cras condimentum tincidunt urna, sed vehicula ipsum dapibus et. Pellentesque pharetra ultrices varius. Sed viverra nec purus ut ornare.</p>
<h3>Phasellus elementum:Furnicom</h3>
<ul>
<li>Aenean auctor sem ac ex efficitur</li>
<li>Non mattis odio bibendum</li>
<li>Sed vitae enim at tortor finibus</li>
<li>Integer facilisis eleifend vehicula</li>
<li>In hac habitasse platea dictumst</li>
</ul>
<p>Sed molestie orci sem, at semper est molestie ac. Suspendisse cursus feugiat erat, eu posuere massa. Nullam posuere nibh non eros lobortis tempus. Maecenas dignissim elementum massa, vel accumsan urna elementum in. Suspendisse at dui euismod, rhoncus eros non, imperdiet ipsum. Vestibulum vehicula vel turpis et vestibulum. Ut porta et ex maximus malesuada.</p>",Watch,Dilac,"0 - $99, Black, deal 2026/12/12, Men's watch, New, Red, S, Watch, White, Women's watch",true,Title,Default Title,,,,,"",0.0,,1,deny,manual,85.00,96.00,true,true,"",https://cdn.shopify.com/s/files/1/0553/3240/5446/products/NIKE-FLIGHT-LEGACY---MENS_6da1fb62-a2bd-43af-bad5-06d1f8ebc6e9.png?v=1616836195,1,,false,,,,,,,,,,,,,,,,,kg,,,active
boudin-tenderloin,,,,,,,,,,,,,,,,,,,,,,,,https://cdn.shopify.com/s/files/1/0553/3240/5446/products/JanSport-Right-Pack-Backpack---Light-Blue_fec8013f-6a83-4d2e-b347-e27a3056fd5c.png?v=1616836195,2,,,,,,,,,,,,,,,,,,,,,,
boudin-tenderloin,,,,,,,,,,,,,,,,,,,,,,,,https://cdn.shopify.com/s/files/1/0553/3240/5446/products/Mixed-Wool-Scarf_046eb3eb-7ce5-4e4b-abae-a3d03b6b56ae.png?v=1616836195,3,,,,,,,,,,,,,,,,,,,,,,
boudin-tenderloin,,,,,,,,,,,,,,,,,,,,,,,,https://cdn.shopify.com/s/files/1/0553/3240/5446/products/Multicolor-Shoulder-Bag_a7182654-725f-4108-a133-ff70704deef8.png?v=1616836195,4,,,,,,,,,,,,,,,,,,,,,,
bround-round,Organic Rose Water Facial Mist,"<p>Curabitur egestas malesuada volutpat. Nunc vel vestibulum odio, ac pellentesque lacus. Pellentesque dapibus nunc nec est imperdiet, a malesuada sem rutrum. Sed quam odio, porta a finibus quis, sagittis aliquet leo. Nunc ornare metus urna, eu luctus velit placerat ut. Cras at porttitor lectus. Ut dapibus aliquam nibh, in imperdiet libero tincidunt sit amet. Morbi sodales fermentum nibh nec facilisis. Morbi pharetra varius velit, eget varius libero finibus quis. Quisque auctor varius lectus, lacinia rhoncus velit posuere vel. Cras condimentum tincidunt urna, sed vehicula ipsum dapibus et. Pellentesque pharetra ultrices varius. Sed viverra nec purus ut ornare.</p>
<h3>Phasellus elementum:</h3>
<ul>
<li>Aenean auctor sem ac ex efficitur</li>
<li>Non mattis odio bibendum</li>
<li>Sed vitae enim at tortor finibus</li>
<li>Integer facilisis eleifend vehicula</li>
<li>In hac habitasse platea dictumst</li>
</ul>
<p>Sed molestie orci sem, at semper est molestie ac. Suspendisse cursus feugiat erat, eu posuere massa. Nullam posuere nibh non eros lobortis tempus. Maecenas dignissim elementum massa, vel accumsan urna elementum in. Suspendisse at dui euismod, rhoncus eros non, imperdiet ipsum. Vestibulum vehicula vel turpis et vestibulum. Ut porta et ex maximus malesuada.</p>",Watch,Amazon,"$200 - $299, Black, deal 2024/12/12, White",true,Title,Default Title,,,,,"",0.0,,1,deny,manual,245.00,256.00,true,true,"",https://cdn.shopify.com/s/files/1/0553/3240/5446/products/Organic-Rose-Water-Facial-Mist_60201a30-fd7d-4162-bd04-174c4f16374c.png?v=1616836240,1,,false,,,,,,,,,,,,,,,,,kg,,,active
bround-round,,,,,,,,,,,,,,,,,,,,,,,,https://cdn.shopify.com/s/files/1/0553/3240/5446/products/Romand-Zero-Gram-Matte-Lipstick.png?v=1616836240,2,,,,,,,,,,,,,,,,,,,,,,
broident-mollit,SAMSUNG Galaxy S21 Ultra 5G,"<p>Curabitur egestas malesuada volutpat. Nunc vel vestibulum odio, ac pellentesque lacus. Pellentesque dapibus nunc nec est imperdiet, a malesuada sem rutrum. Sed quam odio, porta a finibus quis, sagittis aliquet leo. Nunc ornare metus urna, eu luctus velit placerat ut. Cras at porttitor lectus. Ut dapibus aliquam nibh, in imperdiet libero tincidunt sit amet. Morbi sodales fermentum nibh nec facilisis. Morbi pharetra varius velit, eget varius libero finibus quis. Quisque auctor varius lectus, lacinia rhoncus velit posuere vel. Cras condimentum tincidunt urna, sed vehicula ipsum dapibus et. Pellentesque pharetra ultrices varius. Sed viverra nec purus ut ornare.</p>
<h3>Phasellus elementum:</h3>
<ul>
<li>Aenean auctor sem ac ex efficitur</li>
<li>Non mattis odio bibendum</li>
<li>Sed vitae enim at tortor finibus</li>
<li>Integer facilisis eleifend vehicula</li>
<li>In hac habitasse platea dictumst</li>
</ul>
<p>Sed molestie orci sem, at semper est molestie ac. Suspendisse cursus feugiat erat, eu posuere massa. Nullam posuere nibh non eros lobortis tempus. Maecenas dignissim elementum massa, vel accumsan urna elementum in. Suspendisse at dui euismod, rhoncus eros non, imperdiet ipsum. Vestibulum vehicula vel turpis et vestibulum. Ut porta et ex maximus malesuada.</p>",Furnicom,Amazon,"0 - $99, casio, Electronics, omega, Recommended, rolex, Under$69",true,Title,Default Title,,,,,"",0.0,,1,deny,manual,51.00,59.00,true,true,"",https://cdn.shopify.com/s/files/1/0553/3240/5446/products/SAMSUNG-Galaxy-S21-Ultra-5G_e20eb275-d783-467e-885e-b71f67a8fe0d.png?v=1616838283,1,,false,,,,,,,,,,,,,,,,,kg,,,active
broident-mollit,,,,,,,,,,,,,,,,,,,,,,,,https://cdn.shopify.com/s/files/1/0553/3240/5446/products/Sony---Alpha-a6000-Mirrorless-Camera-with-16-50mm-Lens---White.png?v=1616838283,2,,,,,,,,,,,,,,,,,,,,,,
broident-mollit,,,,,,,,,,,,,,,,,,,,,,,,https://cdn.shopify.com/s/files/1/0553/3240/5446/products/Polaroid-Snap-Touch-Instant-Digital-Camera_94e75973-8c96-4d40-b15c-13a031c76ba2.png?v=1616838283,3,,,,,,,,,,,,,,,,,,,,,,
